"V0","clusters"
"NUI2507","T1"
"NUI2508","T1"
"NUI2509","T2"
"NUI2510","T4"
"NUI2511","T2"
"NUI2512","T4"
"NUI2513","T1"
"NUI2514","T2"
"NUI2515","T2"
"NUI2516","T3"
"NUI2517","T3"
"NUI2518","T2"
"NUI2519","T1"
"NUI2520","T1"
"NUI2521","T2"
"NUI2522","T2"
"NUI2523","T2"
"NUI2524","T1"
"NUI2525","T1"
"NUI2529","T2"
"NUI2527","T4"
"NUI2526","T2"
"NUI2528","T3"
"NUI2530","T1"
"NUI2531","T1"
"NUI2532","T3"
"NUI2533","T3"
"NUI2534","T1"
"NUI2535","T1"
"NUI2536","T3"
"NUI2537","T1"
"NUI2538","T3"
"NUI2539","T4"
"NUI2540","T1"
"NUI2541","T1"
"NUI2542","T3"
"NUI2543","T2"
"NUI2544","T1"
"NUI2545","T1"
"NUI2546","T2"
"NUI2547","T1"
"NUI2548","T1"
"NUI2549","T2"
"NUI2550","T4"
"NUI2551","T4"
"NUI2552","T4"
"NUI2553","T2"
"NUI2554","T2"
"NUI2555","T2"
"NUI2556","T2"
"NUI2557","T2"
"NUI2558","T1"
"NUI2559","T3"
"NUI2560","T3"
"NUI2561","T1"
"NUI2562","T2"
"NUI2563","T4"
"NUI2564","T1"
"NUI2565","T4"
"NUI2566","T1"
"NUI2567","T1"
"NUI2568","T4"
"NUI2569","T2"
"NUI2570","T1"
"NUI2571","T2"
"NUI2572","T4"
"NUI2573","T1"
"NUI2574","T1"
"NUI2575","T1"
"NUI2576","T4"
"NUI2577","T1"
"NUI2578","T4"
"NUI2579","T4"
"NUI2580","T2"
"NUI2581","T1"
"NUI2582","T1"
"NUI2583","T4"
"NUI2584","T4"
"NUI2585","T4"
"NUI2586","T1"
"NUI2587","T1"
"NUI2588","T2"
"NUI2589","T4"
"NUI2590","T2"
"NUI2591","T3"
"NUI2592","T3"
"NUI2593","T1"
"NUI2594","T1"
"NUI2595","T4"
"NUI2596","T3"
"NUI2597","T4"
"NUI2598","T1"
"NUI2599","T2"
"NUI2600","T2"
"NUI2601","T4"
"NUI2602","T3"
"NUI2603","T1"
"NUI2604","T1"
"NUI2605","T1"
"NUI2606","T4"
"NUI2607","T4"
"NUI2608","T4"
"NUI2502","T1"
"NUI2501","T2"
"NUI2500","T4"
"NUI2499","T4"
"NUI2504","T4"
"NUI2503","T4"
"NUI2497","T4"
"NUI2498","T2"
"NUI2609","T2"
"NUI2610","T2"
"NUI2611","T2"
"NUI2612","T2"
"NUI2613","T2"
"NUI2614","T2"
"NUI2615","T2"
"NUI2616","T2"
"NUI2617","T2"
"NUI2618","T1"
"NUI2619","T2"
"NUI2620","T2"
"NUI2621","T2"
"NUI2622","T2"
"NUI2623","T2"
"NUI2624","T2"
"NUI2625","T1"
"NUI2626","T2"
"NUI2627","T1"
"NUI2628","T1"
"NUI2629","T1"
"NUI2630","T2"
"NUI2631","T2"
"NUI2632","T2"
"NUI2633","T2"
"NUI2634","T2"
"NUI2635","T2"
"NUI2636","T4"
"NUI2637","T2"
"NUI2638","T2"
"NUI2639","T2"
"NUI2640","T2"
"NUI2641","T2"
"NUI2642","T2"
"NUI2643","T2"
"NUI2644","T1"
"NUI2645","T2"
"NUI2646","T2"
"NUI2647","T2"
"NUI2648","T1"
"NUI2649","T2"
"NUI2650","T1"
"NUI2651","T2"
"NUI2652","T2"
"NUI2653","T4"
"NUI2654","T2"
"NUI2655","T1"
"NUI2656","T4"
"NUI2657","T1"
"NUI2658","T2"
"NUI2659","T2"
"NUI2660","T1"
"NUI2661","T2"
"NUI2662","T2"
"NUI2663","T1"
"NUI2664","T2"
"NUI2665","T2"
"NUI2666","T2"
"NUI2667","T1"
"NUI2668","T2"
"NUI2669","T2"
"NUI2670","T2"
"NUI2671","T2"
"NUI2672","T2"
"NUI2673","T2"
"NUI2674","T2"
"NUI2675","T2"
"NUI2676","T2"
"NUI2677","T4"
"NUI2678","T2"
"NUI2679","T1"
"NUI2680","T1"
"NUI2681","T4"
"NUI2682","T2"
"NUI2683","T2"
"NUI2684","T4"
"NUI2685","T4"
"NUI2686","T1"
"NUI2687","T1"
"NUI2688","T1"
"NUI2689","T1"
"NUI2690","T1"
"NUI2691","T1"
"NUI2692","T1"
"NUI2693","T1"
"NUI2694","T4"
"NUI2695","T1"
"NUI2265","T3"
"NUI2266","T4"
"NUI2267","T4"
"NUI2271","T4"
"NUI2272","T4"
"NUI2275","T4"
"NUI2281","T4"
"NUI2283","T4"
"NUI2276","T4"
"NUI2269","T4"
"NUI2273","T4"
"NUI2277","T2"
"NUI2268","T4"
"NUI2282","T3"
"NUI2278","T3"
"NUI2279","T4"
"NUI2280","T4"
"NUI2284","T3"
"NUI2285","T1"
"NUI2286","T1"
"NUI2287","T1"
"NUI2288","T1"
"NUI2289","T1"
"NUI2290","T1"
"NUI2291","T1"
"NUI2292","T4"
"NUI2293","T1"
"NUI2294","T1"
"NUI2295","T4"
"NUI2296","T2"
"NUI2297","T1"
"NUI2298","T1"
"NUI2299","T1"
"NUI2300","T1"
"NUI2301","T1"
"NUI2302","T1"
"NUI2303","T3"
"NUI2304","T2"
"NUI2305","T4"
"NUI2306","T1"
"NUI2307","T1"
"NUI2308","T3"
"NUI2309","T1"
"NUI2310","T1"
"NUI2311","T1"
"NUI2312","T1"
"NUI2313","T1"
"NUI2314","T1"
"NUI2315","T1"
"NUI2316","T1"
"NUI2317","T1"
"NUI2318","T1"
"NUI2319","T4"
"NUI2320","T1"
"NUI2322","T1"
"NUI2323","T1"
"NUI2324","T1"
"NUI2325","T2"
"NUI2326","T1"
"NUI2329","T1"
"NUI2330","T2"
"NUI2331","T4"
"NUI2328","T1"
"NUI2336","T1"
"NUI2337","T1"
"NUI2338","T1"
"NUI2332","T1"
"NUI2333","T1"
"NUI2321","T1"
"NUI2334","T1"
"NUI2335","T1"
"NUI2327","T1"
"NUI2339","T2"
"NUI2346","T4"
"NUI2344","T4"
"NUI2345","T1"
"NUI2347","T1"
"NUI2352","T2"
"NUI2350","T2"
"NUI2341","T1"
"NUI2354","T1"
"NUI2348","T1"
"NUI2349","T1"
"NUI2353","T1"
"NUI2351","T1"
"NUI2340","T3"
"NUI2342","T3"
"NUI2343","T4"
"NUI2401","T4"
"NUI2406","T1"
"NUI2393","T1"
"NUI2397","T1"
"NUI2394","T1"
"NUI2398","T1"
"NUI2407","T1"
"NUI2408","T1"
"NUI2424","T1"
"NUI2395","T1"
"NUI2396","T1"
"NUI2409","T1"
"NUI2410","T1"
"NUI2426","T1"
"NUI2440","T1"
"NUI2441","T4"
"NUI2427","T2"
"NUI2428","T1"
"NUI2429","T1"
"NUI2364","T1"
"NUI2411","T1"
"NUI2361","T1"
"NUI2431","T1"
"NUI2415","T1"
"NUI2362","T1"
"NUI2432","T2"
"NUI2433","T1"
"NUI2434","T1"
"NUI2442","T1"
"NUI2365","T1"
"NUI2435","T1"
"NUI2366","T1"
"NUI2367","T1"
"NUI2368","T2"
"NUI2369","T1"
"NUI2370","T1"
"NUI2371","T1"
"NUI2418","T1"
"NUI2420","T1"
"NUI2421","T1"
"NUI2422","T1"
"NUI2356","T1"
"NUI2359","T1"
"NUI2372","T1"
"NUI2373","T1"
"NUI2374","T2"
"NUI2375","T1"
"NUI2376","T1"
"NUI2377","T1"
"NUI2378","T1"
"NUI2379","T1"
"NUI2381","T2"
"NUI2382","T3"
"NUI2384","T1"
"NUI2386","T1"
"NUI2388","T3"
"NUI2389","T4"
"NUI2390","T1"
"NUI2391","T1"
"NUI2438","T1"
"NUI2400","T2"
"NUI2443","T1"
"NUI2412","T1"
"NUI2363","T4"
"NUI2423","T1"
"NUI2416","T1"
"NUI2414","T1"
"NUI2451","T1"
"NUI2444","T1"
"NUI2445","T1"
"NUI2446","T1"
"NUI2448","T1"
"NUI2449","T1"
"NUI2450","T1"
"NUI2447","T1"
"NUI2380","T2"
"NUI2387","T1"
"NUI2399","T1"
"NUI2392","T1"
"NUI2436","T1"
"NUI2425","T1"
"NUI2439","T1"
"NUI2437","T1"
"NUI2355","T2"
"NUI2358","T1"
"NUI2383","T1"
"NUI2357","T2"
"NUI2452","T1"
"NUI2453","T1"
"NUI2430","T1"
"NUI2385","T1"
"NUI2419","T1"
"NUI2360","T2"
"NUI2402","T3"
"NUI2403","T1"
"NUI2404","T4"
"NUI2405","T4"
"NUI2417","T1"
"NUI2413","T4"
"NUI2454","T3"
"NUI2455","T1"
"NUI2456","T1"
"NUI2457","T1"
"NUI2458","T1"
"NUI2459","T4"
"NUI2460","T1"
"NUI2461","T1"
"NUI2462","T1"
"NUI2463","T1"
"NUI2464","T1"
"NUI2465","T1"
"NUI2466","T1"
"NUI2467","T2"
"NUI2468","T1"
"NUI2469","T4"
"NUI2470","T4"
"NUI2471","T1"
"NUI2472","T4"
"NUI2473","T4"
"NUI2474","T4"
"NUI2475","T4"
"NUI2476","T1"
"NUI2477","T2"
"NUI2478","T1"
"NUI2479","T3"
"NUI2480","T1"
"NUI2481","T2"
"NUI2482","T4"
"NUI2494","T1"
"NUI2495","T1"
"NUI2493","T2"
"NUI2491","T4"
"NUI2492","T1"
"NUI2489","T1"
"NUI2490","T1"
"NUI2487","T2"
"NUI2488","T1"
"NUI2486","T2"
"NUI2484","T1"
"NUI2485","T3"
"NUI2496","T1"
"NUI2483","T4"
"NUI2505","T1"
"NUI2506","T1"
"NUI2698","T1"
"NUI2699","T1"
"NUI2700","T1"
"NUI2701","T1"
"NUI2702","T4"
"NUI2704","T1"
"NUI2705","T1"
"NUI2703","T1"
"NUI2706","T1"
"NUI2746","T1"
"NUI2747","T1"
"NUI2708","T1"
"NUI2709","T1"
"NUI2710","T1"
"NUI2711","T1"
"NUI2712","T1"
"NUI2713","T1"
"NUI2714","T1"
"NUI2715","T1"
"NUI2716","T4"
"NUI2717","T1"
"NUI2718","T1"
"NUI2719","T1"
"NUI2720","T1"
"NUI2721","T1"
"NUI2722","T1"
"NUI2723","T1"
"NUI2724","T1"
"NUI2725","T1"
"NUI2726","T1"
"NUI2727","T1"
"NUI2728","T1"
"NUI2729","T1"
"NUI2748","T1"
"NUI2749","T1"
"NUI2750","T1"
"NUI2730","T1"
"NUI2731","T1"
"NUI2732","T1"
"NUI2733","T1"
"NUI2734","T1"
"NUI2735","T1"
"NUI2736","T1"
"NUI2737","T1"
"NUI2738","T1"
"NUI2740","T1"
"NUI2741","T1"
"NUI2742","T4"
"NUI2707","T1"
"NUI2743","T1"
"NUI2745","T1"
"NUI2744","T1"
"NUI2739","T3"
"NUI2751","T1"
"NUI2752","T2"
"NUI2753","T2"
"NUI2754","T2"
"NUI2755","T2"
"NUI2756","T2"
"NUI2757","T3"
"NUI2758","T2"
"NUI2759","T2"
"NUI2760","T3"
"NUI2761","T2"
"NUI2762","T2"
"NUI2763","T2"
"NUI2764","T4"
"NUI2765","T3"
"NUI2766","T4"
"NUI2767","T2"
"NUI2768","T2"
"NUI2769","T3"
"NUI2770","T2"
"NUI2771","T2"
"NUI2772","T2"
"NUI2773","T2"
"NUI2774","T2"
"NUI2775","T2"
"NUI2776","T2"
"NUI2777","T2"
"NUI2778","T3"
"NUI2779","T2"
"NUI2780","T2"
"NUI2781","T2"
"NUI2782","T2"
"NUI2783","T3"
"NUI2784","T2"
"NUI2785","T2"
"NUI2786","T2"
"NUI2787","T2"
"NUI2788","T2"
"NUI2789","T2"
"NUI2790","T2"
"NUI2791","T2"
"NUI2792","T2"
"NUI2793","T2"
"NUI2794","T2"
"NUI2796","T2"
"NUI2797","T2"
"NUI2798","T2"
"NUI2799","T2"
"NUI2800","T2"
"NUI2801","T2"
"NUI2802","T1"
"NUI2803","T2"
"NUI2804","T2"
"NUI2805","T1"
"NUI2806","T2"
"NUI2807","T2"
"NUI2808","T2"
"NUI2809","T2"
"NUI2810","T2"
"NUI2811","T2"
"NUI2812","T2"
"NUI2813","T1"
"NUI2814","T1"
"NUI2815","T3"
"NUI2816","T1"
"NUI2817","T3"
"NUI2818","T3"
"NUI2819","T1"
"NUI2820","T2"
"NUI2821","T2"
"NUI2823","T2"
"NUI2824","T1"
"NUI2826","T1"
"NUI2827","T3"
"NUI2828","T2"
"NUI2829","T1"
"NUI2830","T1"
"NUI2831","T4"
"NUI2832","T1"
"NUI2833","T3"
"NUI2834","T2"
"NUI2835","T2"
"NUI2836","T1"
"NUI2837","T4"
"NUI2838","T4"
"NUI2839","T4"
"NUI2840","T3"
"NUI2841","T3"
"NUI2842","T1"
"NUI2843","T1"
"NUI2844","T3"
"NUI2845","T1"
"NUI2846","T1"
"NUI2847","T1"
"NUI2848","T4"
"NUI2849","T1"
"NUI2850","T1"
"NUI2851","T4"
"NUI2852","T4"
"NUI2853","T1"
"NUI2854","T1"
"NUI2855","T1"
"NUI2856","T4"
"NUI2822","T3"
"NUI2825","T2"
"NUI2795","T2"
"NUI2857","T1"
"NUI2858","T1"
"NUI2859","T3"
"NUI2860","T4"
"NUI2861","T1"
"NUI2862","T4"
"NUI2863","T2"
"NUI2864","T4"
"NUI2865","T1"
"NUI3448","T1"
"NUI3447","T3"
"NUI3449","T1"
"NUI3451","T1"
"NUI3452","T1"
"NUI3454","T1"
"NUI3455","T3"
"NUI3456","T1"
"NUI3453","T1"
"NUI3450","T1"
"NUI3446","T1"
"NUI3457","T4"
"NUI3458","T1"
"NUI3459","T1"
"NUI3460","T3"
"NUI3461","T2"
"NUI3462","T1"
"NUI3463","T3"
"NUI3464","T3"
"NUI3465","T3"
"NUI3466","T2"
"NUI3467","T1"
"NUI3468","T1"
"NUI3469","T1"
"NUI3470","T1"
"NUI3471","T1"
"NUI3472","T1"
"NUI3473","T1"
"NUI3474","T1"
"NUI3475","T1"
"NUI3476","T1"
"NUI3477","T4"
"NUI3478","T3"
"NUI3479","T4"
"NUI3480","T1"
"NUI3481","T1"
"NUI3482","T2"
"NUI3483","T1"
"NUI3484","T1"
"NUI3485","T1"
"NUI3486","T2"
"NUI3487","T1"
"NUI3488","T1"
"NUI3489","T1"
"NUI3490","T1"
"NUI3491","T1"
"NUI3492","T3"
"NUI3493","T3"
"NUI3494","T1"
"NUI3495","T1"
"NUI3496","T2"
"NUI3497","T1"
"NUI3498","T1"
"NUI3499","T1"
"NUI3500","T1"
"NUI3501","T3"
"NUI3502","T3"
"NUI3503","T1"
"NUI3504","T1"
"NUI3505","T1"
"NUI3506","T1"
"NUI3507","T1"
"NUI3508","T3"
"NUI3509","T1"
"NUI3510","T3"
"NUI3511","T3"
"NUI3512","T1"
"NUI3513","T3"
"NUI3514","T1"
"NUI3515","T1"
"NUI3516","T1"
"NUI3517","T2"
"NUI3518","T1"
"NUI3521","T1"
"NUI3519","T1"
"NUI3520","T4"
"NUI3527","T4"
"NUI3522","T1"
"NUI3523","T1"
"NUI3524","T1"
"NUI3525","T4"
"NUI3526","T1"
"NUI3528","T1"
"NUI3529","T1"
"NUI3530","T1"
"NUI3531","T1"
"NUI3532","T1"
"NUI3533","T3"
"NUI3534","T4"
"NUI3535","T1"
"NUI3536","T1"
"NUI3537","T1"
"NUI3538","T1"
"NUI3539","T1"
"NUI3540","T1"
"NUI3541","T1"
"NUI3542","T1"
"NUI3543","T1"
"NUI3544","T4"
"NUI3545","T1"
"NUI3546","T4"
"NUI3547","T1"
"NUI3548","T2"
"NUI3549","T1"
"NUI3550","T1"
"NUI3551","T4"
"NUI3552","T2"
"NUI3553","T1"
"NUI3554","T1"
"NUI3555","T1"
"NUI3556","T2"
"NUI3557","T1"
"NUI3558","T2"
"NUI3559","T2"
"NUI3560","T2"
"NUI3561","T2"
"NUI3562","T1"
"NUI3563","T1"
"NUI3564","T1"
"NUI3565","T1"
"NUI3566","T4"
"NUI3567","T1"
"NUI3568","T4"
"NUI3569","T1"
"NUI3570","T2"
"NUI3571","T4"
"NUI3572","T4"
"NUI3573","T1"
"NUI3574","T4"
"NUI3575","T3"
"NUI3576","T3"
"NUI3577","T4"
"NUI3578","T4"
"NUI3579","T1"
"NUI3580","T1"
"NUI3581","T1"
"NUI3582","T4"
"NUI3583","T1"
"NUI3584","T1"
"NUI3585","T1"
"NUI3586","T1"
"NUI3587","T1"
"NUI3588","T1"
"NUI3589","T4"
"NUI3590","T4"
"NUI3591","T2"
"NUI3592","T1"
"NUI3593","T1"
"NUI3594","T1"
"NUI3595","T1"
"NUI3596","T3"
"NUI3597","T3"
"NUI3598","T1"
"NUI3599","T2"
"NUI3600","T4"
"NUI3739","T1"
"NUI3603","T1"
"NUI3604","T1"
"NUI3605","T1"
"NUI3606","T1"
"NUI3607","T1"
"NUI3608","T1"
"NUI3609","T1"
"NUI3610","T1"
"NUI3611","T1"
"NUI3612","T1"
"NUI3613","T2"
"NUI3614","T1"
"NUI3740","T1"
"NUI3615","T4"
"NUI3616","T2"
"NUI3617","T2"
"NUI3741","T1"
"NUI3618","T1"
"NUI3619","T2"
"NUI3620","T2"
"NUI3621","T2"
"NUI3729","T1"
"NUI3622","T2"
"NUI3623","T1"
"NUI3624","T1"
"NUI3625","T1"
"NUI3626","T1"
"NUI3627","T1"
"NUI3628","T1"
"NUI3629","T1"
"NUI3730","T1"
"NUI3630","T1"
"NUI3631","T3"
"NUI3632","T1"
"NUI3728","T1"
"NUI3633","T1"
"NUI3634","T2"
"NUI3635","T1"
"NUI3636","T1"
"NUI3637","T1"
"NUI3638","T1"
"NUI3639","T1"
"NUI3640","T2"
"NUI3641","T1"
"NUI3642","T1"
"NUI3643","T2"
"NUI3644","T3"
"NUI3645","T1"
"NUI3646","T3"
"NUI3648","T1"
"NUI3649","T1"
"NUI3650","T1"
"NUI3731","T1"
"NUI3651","T1"
"NUI3652","T1"
"NUI3654","T1"
"NUI3655","T1"
"NUI3656","T3"
"NUI3657","T1"
"NUI3658","T1"
"NUI3659","T1"
"NUI3660","T1"
"NUI3661","T1"
"NUI3662","T1"
"NUI3663","T1"
"NUI3664","T1"
"NUI3665","T1"
"NUI3666","T1"
"NUI3667","T1"
"NUI3668","T1"
"NUI3669","T1"
"NUI3732","T1"
"NUI3670","T1"
"NUI3671","T1"
"NUI3672","T1"
"NUI3673","T1"
"NUI3674","T1"
"NUI3675","T1"
"NUI3733","T1"
"NUI3676","T1"
"NUI3677","T1"
"NUI3734","T1"
"NUI3678","T1"
"NUI3679","T1"
"NUI3680","T3"
"NUI3681","T1"
"NUI3682","T1"
"NUI3683","T2"
"NUI3684","T1"
"NUI3685","T1"
"NUI3686","T1"
"NUI3687","T1"
"NUI3735","T1"
"NUI3688","T1"
"NUI3689","T1"
"NUI3690","T1"
"NUI3691","T1"
"NUI3692","T1"
"NUI3693","T1"
"NUI3694","T1"
"NUI3695","T1"
"NUI3696","T1"
"NUI3697","T1"
"NUI3698","T1"
"NUI3736","T1"
"NUI3699","T1"
"NUI3700","T1"
"NUI3701","T1"
"NUI3737","T3"
"NUI3702","T1"
"NUI3703","T1"
"NUI3704","T1"
"NUI3705","T1"
"NUI3706","T1"
"NUI3707","T1"
"NUI3708","T1"
"NUI3709","T1"
"NUI3710","T1"
"NUI3711","T3"
"NUI3712","T1"
"NUI3713","T1"
"NUI3714","T1"
"NUI3715","T2"
"NUI3716","T1"
"NUI3717","T1"
"NUI3718","T1"
"NUI3719","T3"
"NUI3720","T1"
"NUI3721","T3"
"NUI3722","T1"
"NUI3723","T1"
"NUI3724","T1"
"NUI3738","T1"
"NUI3726","T1"
"NUI3727","T1"
"NUI3742","T2"
"NUI3743","T2"
"NUI3725","T1"
"NUI3653","T1"
"NUI3647","T1"
"NUI3602","T1"
"NUI3601","T1"
"NUI2697","T3"
"NUI2696","T2"
"NUI2270","T4"
"NUI2274","T4"
"NUI3317","T1"
"NUI3432","T4"
"NUI3292","T1"
"NUI3241","T2"
"NUI3426","T1"
"NUI3425","T2"
"NUI3429","T1"
"NUI3427","T1"
"NUI3431","T1"
"NUI3430","T1"
"NUI3434","T2"
"NUI3313","T1"
"NUI3418","T1"
"NUI3417","T1"
"NUI3420","T1"
"NUI3419","T1"
"NUI3422","T1"
"NUI3421","T1"
"NUI3433","T1"
"NUI3423","T1"
"NUI3320","T1"
"NUI3443","T2"
"NUI3359","T1"
"NUI3351","T1"
"NUI3428","T1"
"NUI3371","T1"
"NUI3408","T2"
"NUI3374","T3"
"NUI3436","T1"
"NUI3435","T2"
"NUI3438","T1"
"NUI3437","T1"
"NUI3440","T1"
"NUI3439","T4"
"NUI3442","T3"
"NUI3441","T1"
"NUI3394","T1"
"NUI3393","T1"
"NUI3396","T1"
"NUI3395","T1"
"NUI3398","T1"
"NUI3397","T1"
"NUI3400","T1"
"NUI3399","T1"
"NUI3386","T1"
"NUI3385","T1"
"NUI3388","T1"
"NUI3387","T1"
"NUI3390","T1"
"NUI3389","T1"
"NUI3392","T1"
"NUI3391","T1"
"NUI3411","T1"
"NUI3410","T1"
"NUI3445","T1"
"NUI3412","T1"
"NUI3414","T1"
"NUI3413","T1"
"NUI3416","T1"
"NUI3415","T1"
"NUI3402","T1"
"NUI3401","T1"
"NUI3404","T1"
"NUI3403","T1"
"NUI3406","T3"
"NUI3405","T1"
"NUI3409","T1"
"NUI3407","T1"
"NUI3360","T1"
"NUI3358","T1"
"NUI3362","T1"
"NUI3361","T1"
"NUI3364","T1"
"NUI3363","T1"
"NUI3366","T1"
"NUI3365","T1"
"NUI3350","T1"
"NUI3349","T1"
"NUI3353","T1"
"NUI3352","T1"
"NUI3355","T1"
"NUI3354","T1"
"NUI3357","T1"
"NUI3356","T1"
"NUI3378","T1"
"NUI3377","T1"
"NUI3380","T1"
"NUI3379","T1"
"NUI3382","T1"
"NUI3381","T1"
"NUI3384","T1"
"NUI3383","T1"
"NUI3368","T1"
"NUI3367","T3"
"NUI3370","T1"
"NUI3369","T1"
"NUI3373","T1"
"NUI3372","T1"
"NUI3376","T1"
"NUI3375","T1"
"NUI3326","T1"
"NUI3325","T1"
"NUI3328","T1"
"NUI3327","T1"
"NUI3330","T1"
"NUI3329","T1"
"NUI3332","T1"
"NUI3331","T1"
"NUI3318","T1"
"NUI3316","T1"
"NUI3321","T1"
"NUI3319","T1"
"NUI3323","T3"
"NUI3311","T1"
"NUI3324","T1"
"NUI3444","T1"
"NUI3342","T1"
"NUI3341","T1"
"NUI3344","T1"
"NUI3343","T1"
"NUI3346","T1"
"NUI3345","T1"
"NUI3348","T1"
"NUI3347","T1"
"NUI3334","T1"
"NUI3333","T1"
"NUI3336","T1"
"NUI3335","T1"
"NUI3338","T1"
"NUI3337","T1"
"NUI3340","T1"
"NUI3339","T1"
"NUI3182","T2"
"NUI2917","T2"
"NUI3068","T1"
"NUI3113","T2"
"NUI3179","T2"
"NUI3275","T4"
"NUI3157","T4"
"NUI3183","T1"
"NUI3041","T2"
"NUI3302","T2"
"NUI3301","T2"
"NUI3297","T4"
"NUI3033","T2"
"NUI3124","T2"
"NUI3084","T1"
"NUI2898","T2"
"NUI3309","T1"
"NUI3308","T1"
"NUI3424","T1"
"NUI3310","T1"
"NUI3322","T1"
"NUI3312","T1"
"NUI3315","T1"
"NUI3314","T2"
"NUI3240","T2"
"NUI3201","T2"
"NUI3303","T1"
"NUI3121","T2"
"NUI3305","T1"
"NUI3304","T1"
"NUI3307","T1"
"NUI3306","T1"
"NUI3276","T2"
"NUI3274","T2"
"NUI3278","T2"
"NUI3277","T1"
"NUI3280","T2"
"NUI3279","T2"
"NUI3282","T2"
"NUI3281","T2"
"NUI3265","T2"
"NUI3267","T2"
"NUI3270","T1"
"NUI3269","T2"
"NUI3272","T2"
"NUI3271","T4"
"NUI3273","T2"
"NUI3300","T2"
"NUI3293","T2"
"NUI3291","T2"
"NUI3296","T2"
"NUI3294","T1"
"NUI3298","T1"
"NUI3236","T2"
"NUI3067","T2"
"NUI3299","T2"
"NUI3284","T2"
"NUI3283","T2"
"NUI3286","T2"
"NUI3285","T2"
"NUI3288","T2"
"NUI3287","T2"
"NUI3290","T3"
"NUI3289","T3"
"NUI3245","T2"
"NUI3244","T2"
"NUI3247","T3"
"NUI3246","T2"
"NUI3248","T2"
"NUI3249","T2"
"NUI3251","T2"
"NUI3250","T2"
"NUI3234","T2"
"NUI3233","T2"
"NUI3237","T2"
"NUI3235","T4"
"NUI3239","T1"
"NUI3238","T2"
"NUI3243","T2"
"NUI3242","T2"
"NUI3071","T2"
"NUI3260","T2"
"NUI3262","T2"
"NUI3261","T2"
"NUI3055","T2"
"NUI3263","T2"
"NUI3268","T2"
"NUI3266","T2"
"NUI3253","T2"
"NUI3252","T3"
"NUI3255","T2"
"NUI3254","T2"
"NUI3256","T2"
"NUI3258","T2"
"NUI3259","T2"
"NUI3257","T2"
"NUI3005","T2"
"NUI3211","T2"
"NUI3212","T2"
"NUI3213","T1"
"NUI2951","T4"
"NUI3214","T2"
"NUI3216","T1"
"NUI3215","T1"
"NUI3203","T2"
"NUI3200","T2"
"NUI3205","T2"
"NUI3204","T1"
"NUI3209","T2"
"NUI3207","T2"
"NUI3210","T2"
"NUI3208","T2"
"NUI3226","T2"
"NUI3225","T2"
"NUI3228","T2"
"NUI3227","T2"
"NUI3230","T1"
"NUI3229","T2"
"NUI3232","T2"
"NUI3231","T2"
"NUI3218","T2"
"NUI3217","T1"
"NUI3220","T4"
"NUI3219","T1"
"NUI3222","T2"
"NUI3221","T1"
"NUI3224","T2"
"NUI3223","T2"
"NUI3174","T2"
"NUI3173","T2"
"NUI3176","T3"
"NUI3175","T1"
"NUI3177","T2"
"NUI3178","T2"
"NUI3181","T2"
"NUI3180","T1"
"NUI3020","T2"
"NUI3166","T2"
"NUI3168","T2"
"NUI3167","T2"
"NUI3170","T2"
"NUI3169","T1"
"NUI3171","T2"
"NUI3172","T1"
"NUI3193","T1"
"NUI3192","T2"
"NUI3195","T2"
"NUI3194","T2"
"NUI3197","T2"
"NUI3196","T1"
"NUI3199","T2"
"NUI3198","T2"
"NUI3185","T4"
"NUI3184","T1"
"NUI3187","T2"
"NUI3186","T2"
"NUI3188","T2"
"NUI3189","T2"
"NUI3191","T1"
"NUI3190","T2"
"NUI3142","T2"
"NUI3141","T2"
"NUI3144","T2"
"NUI3143","T4"
"NUI3147","T2"
"NUI3146","T2"
"NUI3134","T2"
"NUI3148","T2"
"NUI3130","T2"
"NUI3129","T2"
"NUI3136","T2"
"NUI3132","T1"
"NUI3138","T2"
"NUI3137","T2"
"NUI3140","T2"
"NUI3139","T2"
"NUI3159","T1"
"NUI3158","T2"
"NUI3161","T2"
"NUI3160","T1"
"NUI3163","T2"
"NUI3162","T2"
"NUI3165","T2"
"NUI3164","T1"
"NUI3135","T2"
"NUI3150","T2"
"NUI3153","T2"
"NUI3151","T2"
"NUI3154","T3"
"NUI3152","T3"
"NUI3156","T2"
"NUI3155","T2"
"NUI3101","T2"
"NUI3102","T2"
"NUI3104","T2"
"NUI3131","T2"
"NUI3106","T2"
"NUI3105","T2"
"NUI3108","T2"
"NUI3107","T2"
"NUI3094","T2"
"NUI3093","T2"
"NUI3096","T2"
"NUI3095","T1"
"NUI3098","T1"
"NUI3097","T2"
"NUI3100","T2"
"NUI3099","T2"
"NUI3120","T2"
"NUI3119","T2"
"NUI3123","T2"
"NUI3122","T2"
"NUI3126","T3"
"NUI3125","T2"
"NUI3133","T2"
"NUI3127","T2"
"NUI3110","T2"
"NUI3109","T2"
"NUI3112","T3"
"NUI3111","T2"
"NUI3116","T2"
"NUI3114","T2"
"NUI3118","T2"
"NUI3117","T2"
"NUI3069","T1"
"NUI3066","T2"
"NUI3073","T2"
"NUI3070","T2"
"NUI3075","T4"
"NUI3074","T2"
"NUI3077","T2"
"NUI3076","T1"
"NUI3059","T2"
"NUI3058","T1"
"NUI3060","T1"
"NUI3072","T2"
"NUI3062","T1"
"NUI3061","T3"
"NUI3065","T3"
"NUI3063","T2"
"NUI3086","T4"
"NUI3085","T2"
"NUI3088","T2"
"NUI3087","T2"
"NUI3090","T1"
"NUI3089","T2"
"NUI3092","T1"
"NUI3091","T2"
"NUI3079","T2"
"NUI3078","T1"
"NUI3081","T2"
"NUI3080","T2"
"NUI3082","T1"
"NUI3056","T2"
"NUI3202","T2"
"NUI3083","T2"
"NUI3031","T1"
"NUI3030","T2"
"NUI3034","T1"
"NUI3032","T2"
"NUI3128","T3"
"NUI3035","T1"
"NUI3036","T2"
"NUI3027","T4"
"NUI3022","T4"
"NUI3021","T2"
"NUI3024","T2"
"NUI3023","T4"
"NUI3026","T4"
"NUI3025","T2"
"NUI3029","T2"
"NUI3028","T4"
"NUI3049","T2"
"NUI3047","T2"
"NUI3051","T2"
"NUI3050","T2"
"NUI3053","T2"
"NUI3052","T3"
"NUI3057","T2"
"NUI3054","T2"
"NUI3038","T2"
"NUI3037","T1"
"NUI3040","T2"
"NUI3039","T2"
"NUI3044","T2"
"NUI3042","T1"
"NUI3046","T2"
"NUI3045","T2"
"NUI2888","T2"
"NUI2996","T2"
"NUI2998","T4"
"NUI3064","T1"
"NUI2999","T2"
"NUI2900","T4"
"NUI3001","T2"
"NUI3000","T1"
"NUI2989","T4"
"NUI2988","T2"
"NUI2991","T2"
"NUI2990","T2"
"NUI2993","T2"
"NUI2992","T4"
"NUI2995","T1"
"NUI2994","T2"
"NUI3014","T2"
"NUI3011","T4"
"NUI3015","T2"
"NUI3012","T4"
"NUI3017","T2"
"NUI3016","T1"
"NUI3019","T4"
"NUI3018","T2"
"NUI3004","T2"
"NUI3002","T2"
"NUI3295","T1"
"NUI3003","T2"
"NUI3009","T2"
"NUI3007","T4"
"NUI3013","T2"
"NUI3010","T2"
"NUI2964","T1"
"NUI2963","T2"
"NUI2966","T2"
"NUI2965","T2"
"NUI2968","T3"
"NUI2967","T2"
"NUI2970","T2"
"NUI2969","T2"
"NUI2957","T4"
"NUI2956","T3"
"NUI2959","T2"
"NUI2958","T2"
"NUI2961","T2"
"NUI2960","T1"
"NUI2962","T2"
"NUI2909","T2"
"NUI2981","T4"
"NUI2979","T2"
"NUI2982","T4"
"NUI2980","T4"
"NUI2984","T4"
"NUI2983","T2"
"NUI2987","T4"
"NUI2985","T3"
"NUI2972","T2"
"NUI2971","T4"
"NUI2974","T4"
"NUI2973","T2"
"NUI2976","T2"
"NUI2975","T2"
"NUI2978","T2"
"NUI2977","T3"
"NUI2934","T2"
"NUI2932","T2"
"NUI2931","T2"
"NUI2933","T2"
"NUI2936","T2"
"NUI2935","T2"
"NUI2938","T4"
"NUI2937","T2"
"NUI2923","T2"
"NUI2922","T4"
"NUI2925","T2"
"NUI2924","T2"
"NUI2928","T2"
"NUI2926","T2"
"NUI2930","T2"
"NUI2927","T2"
"NUI2948","T1"
"NUI2947","T1"
"NUI2950","T1"
"NUI2949","T2"
"NUI2953","T2"
"NUI3048","T2"
"NUI2955","T3"
"NUI2954","T2"
"NUI2940","T2"
"NUI2939","T4"
"NUI2942","T4"
"NUI2941","T2"
"NUI2944","T2"
"NUI2943","T2"
"NUI2946","T2"
"NUI2945","T2"
"NUI2894","T2"
"NUI2893","T2"
"NUI2896","T4"
"NUI2895","T2"
"NUI2899","T2"
"NUI2897","T1"
"NUI2902","T2"
"NUI2901","T4"
"NUI2886","T2"
"NUI2884","T1"
"NUI3206","T3"
"NUI2887","T2"
"NUI2890","T2"
"NUI2889","T2"
"NUI2892","T2"
"NUI2891","T2"
"NUI2912","T3"
"NUI2911","T2"
"NUI2914","T4"
"NUI2913","T2"
"NUI2916","T4"
"NUI2915","T1"
"NUI2919","T4"
"NUI2918","T4"
"NUI2904","T2"
"NUI2903","T1"
"NUI2906","T2"
"NUI2905","T2"
"NUI2908","T1"
"NUI2907","T1"
"NUI2885","T2"
"NUI2910","T4"
"NUI3115","T1"
"NUI3103","T2"
"NUI3043","T2"
"NUI3149","T1"
"NUI2866","T1"
"NUI3008","T2"
"NUI2868","T2"
"NUI2867","T1"
"NUI2920","T1"
"NUI3145","T2"
"NUI2952","T2"
"NUI2929","T1"
"NUI2997","T4"
"NUI2986","T2"
"NUI2921","T4"
"NUI3006","T4"
"NUI2878","T2"
"NUI2877","T1"
"NUI2880","T2"
"NUI2879","T2"
"NUI2882","T4"
"NUI2881","T3"
"NUI2883","T2"
"NUI3264","T1"
"NUI2870","T2"
"NUI2869","T2"
"NUI2873","T2"
"NUI2871","T2"
"NUI2874","T4"
"NUI2872","T2"
"NUI2876","T4"
"NUI2875","T2"
"NUI2224","T1"
"NUI2226","T3"
"NUI2222","T1"
"NUI2223","T3"
"NUI2229","T1"
"NUI2230","T1"
"NUI2227","T4"
"NUI2228","T3"
"NUI2215","T1"
"NUI2212","T1"
"NUI2213","T1"
"NUI2214","T4"
"NUI2220","T1"
"NUI2221","T1"
"NUI2211","T1"
"NUI2219","T1"
"NUI2225","T3"
"NUI2218","T3"
"NUI2264","T4"
"NUI2263","T1"
"NUI2253","T1"
"NUI2260","T1"
"NUI2258","T1"
"NUI2257","T1"
"NUI2254","T4"
"NUI2252","T1"
"NUI2250","T1"
"NUI2255","T1"
"NUI2249","T1"
"NUI2262","T1"
"NUI2248","T1"
"NUI2247","T1"
"NUI2261","T1"
"NUI2251","T4"
"NUI2259","T1"
"NUI2256","T1"
"NUI2069","T2"
"NUI2091","T3"
"NUI2089","T1"
"NUI2086","T1"
"NUI2084","T3"
"NUI2085","T1"
"NUI2064","T1"
"NUI2066","T2"
"NUI2068","T3"
"NUI2065","T3"
"NUI2067","T2"
"NUI2090","T1"
"NUI2095","T1"
"NUI2074","T2"
"NUI2072","T3"
"NUI2092","T1"
"NUI2075","T2"
"NUI2073","T3"
"NUI2061","T1"
"NUI2063","T2"
"NUI2087","T3"
"NUI2070","T2"
"NUI2071","T3"
"NUI2093","T1"
"NUI2054","T1"
"NUI2056","T1"
"NUI2055","T1"
"NUI2053","T1"
"NUI2060","T1"
"NUI2058","T1"
"NUI2059","T1"
"NUI2057","T1"
"NUI2101","T1"
"NUI2103","T4"
"NUI2111","T1"
"NUI2105","T3"
"NUI2115","T3"
"NUI2116","T1"
"NUI2104","T4"
"NUI2106","T4"
"NUI2108","T4"
"NUI2113","T1"
"NUI2112","T1"
"NUI2107","T1"
"NUI2100","T3"
"NUI2099","T3"
"NUI2114","T4"
"NUI2102","T4"
"NUI2079","T1"
"NUI2096","T3"
"NUI2081","T1"
"NUI2080","T1"
"NUI2109","T3"
"NUI2110","T4"
"NUI2098","T4"
"NUI2097","T1"
"NUI2083","T1"
"NUI2076","T1"
"NUI2088","T1"
"NUI2094","T1"
"NUI2077","T1"
"NUI2082","T1"
"NUI2062","T4"
"NUI2078","T1"
"NUI2130","T2"
"NUI2145","T3"
"NUI2128","T1"
"NUI2163","T1"
"NUI2181","T4"
"NUI2187","T1"
"NUI2132","T3"
"NUI2153","T2"
"NUI2155","T1"
"NUI2158","T3"
"NUI2142","T3"
"NUI2154","T3"
"NUI2143","T3"
"NUI2129","T2"
"NUI2156","T1"
"NUI2157","T2"
"NUI2125","T3"
"NUI2146","T2"
"NUI2126","T3"
"NUI2127","T4"
"NUI2148","T2"
"NUI2150","T3"
"NUI2137","T3"
"NUI2144","T2"
"NUI2119","T1"
"NUI2120","T1"
"NUI2117","T1"
"NUI2118","T1"
"NUI2123","T1"
"NUI2124","T4"
"NUI2121","T1"
"NUI2122","T1"
"NUI2182","T3"
"NUI2183","T3"
"NUI2162","T3"
"NUI2149","T3"
"NUI2184","T3"
"NUI2134","T2"
"NUI2147","T2"
"NUI2151","T2"
"NUI2138","T1"
"NUI2139","T3"
"NUI2168","T1"
"NUI2167","T1"
"NUI2152","T3"
"NUI2131","T3"
"NUI2140","T3"
"NUI2141","T3"
"NUI2174","T4"
"NUI2173","T1"
"NUI2176","T1"
"NUI2175","T4"
"NUI2170","T4"
"NUI2169","T4"
"NUI2172","T1"
"NUI2171","T1"
"NUI2179","T4"
"NUI2178","T4"
"NUI2166","T1"
"NUI2180","T4"
"NUI2165","T4"
"NUI2177","T4"
"NUI2164","T4"
"NUI2188","T1"
"NUI2207","T2"
"NUI2208","T1"
"NUI2205","T1"
"NUI2206","T4"
"NUI2216","T1"
"NUI2217","T1"
"NUI2209","T1"
"NUI2210","T1"
"NUI2196","T1"
"NUI2200","T1"
"NUI2195","T1"
"NUI2194","T1"
"NUI2203","T3"
"NUI2204","T1"
"NUI2201","T1"
"NUI2202","T3"
"NUI2189","T4"
"NUI2199","T1"
"NUI2185","T1"
"NUI2186","T4"
"NUI2197","T1"
"NUI2198","T1"
"NUI2192","T4"
"NUI2193","T1"
"NUI2159","T2"
"NUI2136","T3"
"NUI2161","T2"
"NUI2160","T3"
"NUI2190","T1"
"NUI2191","T1"
"NUI2135","T3"
"NUI2133","T2"
"NUI2246","T1"
"NUI2241","T4"
"NUI2239","T1"
"NUI2240","T1"
"NUI2244","T1"
"NUI2245","T1"
"NUI2242","T2"
"NUI2243","T3"
"NUI2233","T1"
"NUI2234","T3"
"NUI2231","T1"
"NUI2232","T3"
"NUI2236","T1"
"NUI2238","T1"
"NUI2235","T3"
"NUI2237","T1"
"NUI2049","T1"
"NUI2050","T1"
"NUI2047","T3"
"NUI2048","T1"
"NUI2021","T1"
"NUI2020","T1"
"NUI2051","T3"
"NUI2052","T3"
"NUI2039","T1"
"NUI2041","T1"
"NUI2042","T1"
"NUI2040","T1"
"NUI2044","T3"
"NUI2045","T3"
"NUI2038","T4"
"NUI2046","T1"
"NUI2017","T3"
"NUI1893","T1"
"NUI1985","T1"
"NUI1965","T3"
"NUI1966","T3"
"NUI1994","T1"
"NUI1995","T1"
"NUI1969","T4"
"NUI1970","T3"
"NUI1967","T1"
"NUI1968","T3"
"NUI1989","T1"
"NUI1990","T1"
"NUI1987","T1"
"NUI1988","T1"
"NUI1992","T1"
"NUI1993","T1"
"NUI1964","T1"
"NUI1991","T1"
"NUI1963","T3"
"NUI1981","T1"
"NUI1979","T1"
"NUI1980","T1"
"NUI1984","T1"
"NUI1986","T1"
"NUI1982","T1"
"NUI1983","T1"
"NUI1846","T4"
"NUI1847","T1"
"NUI1843","T1"
"NUI1844","T1"
"NUI1849","T1"
"NUI1850","T3"
"NUI1852","T1"
"NUI1853","T1"
"NUI1839","T1"
"NUI1838","T1"
"NUI1840","T1"
"NUI1835","T1"
"NUI1845","T3"
"NUI1848","T1"
"NUI1837","T1"
"NUI1841","T1"
"NUI1876","T1"
"NUI1874","T1"
"NUI1879","T3"
"NUI1877","T1"
"NUI1842","T1"
"NUI1836","T1"
"NUI1875","T1"
"NUI1834","T1"
"NUI1869","T3"
"NUI1880","T4"
"NUI1872","T1"
"NUI1873","T1"
"NUI1870","T1"
"NUI1871","T3"
"NUI1878","T2"
"NUI1881","T1"
"NUI1897","T1"
"NUI1898","T2"
"NUI1886","T4"
"NUI1884","T1"
"NUI1900","T1"
"NUI1902","T1"
"NUI1899","T1"
"NUI1901","T1"
"NUI1889","T1"
"NUI1890","T1"
"NUI1891","T4"
"NUI1888","T1"
"NUI1883","T1"
"NUI1887","T1"
"NUI1882","T1"
"NUI1885","T3"
"NUI1855","T3"
"NUI1859","T1"
"NUI1861","T4"
"NUI1854","T3"
"NUI1868","T1"
"NUI1865","T3"
"NUI1867","T1"
"NUI1866","T1"
"NUI1856","T1"
"NUI1857","T1"
"NUI1851","T1"
"NUI1858","T3"
"NUI1864","T1"
"NUI1863","T4"
"NUI1860","T1"
"NUI1862","T1"
"NUI1913","T1"
"NUI1892","T1"
"NUI1928","T1"
"NUI1929","T1"
"NUI1896","T1"
"NUI1932","T1"
"NUI1894","T1"
"NUI1895","T4"
"NUI1914","T1"
"NUI1915","T1"
"NUI1923","T2"
"NUI1924","T2"
"NUI1926","T3"
"NUI1927","T3"
"NUI1919","T3"
"NUI1925","T1"
"NUI1916","T1"
"NUI1917","T1"
"NUI1911","T1"
"NUI1912","T1"
"NUI1921","T2"
"NUI1922","T2"
"NUI1918","T1"
"NUI1920","T1"
"NUI1905","T1"
"NUI1906","T1"
"NUI1903","T1"
"NUI1904","T1"
"NUI1909","T1"
"NUI1910","T1"
"NUI1907","T1"
"NUI1908","T1"
"NUI1959","T1"
"NUI1960","T1"
"NUI1957","T1"
"NUI1958","T1"
"NUI1947","T1"
"NUI2000","T1"
"NUI1961","T1"
"NUI1951","T1"
"NUI1950","T4"
"NUI1952","T4"
"NUI1949","T1"
"NUI1948","T3"
"NUI1955","T1"
"NUI1956","T1"
"NUI1953","T1"
"NUI1954","T1"
"NUI1935","T1"
"NUI1938","T1"
"NUI1931","T1"
"NUI1934","T1"
"NUI1945","T1"
"NUI1944","T4"
"NUI1943","T4"
"NUI1946","T4"
"NUI1933","T1"
"NUI1936","T1"
"NUI1930","T1"
"NUI1939","T1"
"NUI1941","T1"
"NUI1942","T1"
"NUI1937","T1"
"NUI1940","T1"
"NUI2027","T1"
"NUI2036","T1"
"NUI2031","T2"
"NUI2035","T1"
"NUI2037","T1"
"NUI2043","T1"
"NUI2030","T1"
"NUI2029","T1"
"NUI2015","T1"
"NUI2016","T2"
"NUI2013","T1"
"NUI2014","T1"
"NUI2034","T1"
"NUI2033","T1"
"NUI2032","T1"
"NUI2028","T1"
"NUI2003","T1"
"NUI2002","T1"
"NUI2007","T1"
"NUI2008","T1"
"NUI2011","T1"
"NUI2012","T1"
"NUI2009","T1"
"NUI2010","T1"
"NUI1999","T1"
"NUI1996","T2"
"NUI1997","T4"
"NUI1998","T1"
"NUI2005","T1"
"NUI2006","T1"
"NUI2001","T1"
"NUI2004","T1"
"NUI1973","T3"
"NUI1974","T1"
"NUI1971","T3"
"NUI1972","T3"
"NUI1977","T1"
"NUI1978","T2"
"NUI1975","T1"
"NUI1976","T1"
"NUI2023","T1"
"NUI2019","T1"
"NUI2018","T1"
"NUI2022","T3"
"NUI2025","T1"
"NUI1962","T2"
"NUI2026","T1"
"NUI2024","T1"
"NUI1750","T1"
"NUI1813","T1"
"NUI1814","T1"
"NUI1811","T1"
"NUI1812","T1"
"NUI1817","T3"
"NUI1818","T1"
"NUI1815","T1"
"NUI1816","T3"
"NUI1796","T1"
"NUI1797","T1"
"NUI1794","T1"
"NUI1795","T1"
"NUI1809","T1"
"NUI1810","T1"
"NUI1798","T1"
"NUI1808","T1"
"NUI1788","T1"
"NUI1789","T1"
"NUI1786","T1"
"NUI1787","T2"
"NUI1792","T1"
"NUI1793","T1"
"NUI1790","T2"
"NUI1791","T1"
"NUI1780","T1"
"NUI1781","T1"
"NUI1778","T1"
"NUI1779","T1"
"NUI1784","T1"
"NUI1785","T2"
"NUI1782","T1"
"NUI1783","T1"
"NUI1432","T1"
"NUI1433","T1"
"NUI1430","T1"
"NUI1431","T1"
"NUI1436","T1"
"NUI1437","T1"
"NUI1434","T1"
"NUI1435","T1"
"NUI1424","T1"
"NUI1425","T1"
"NUI1422","T1"
"NUI1423","T1"
"NUI1428","T1"
"NUI1429","T1"
"NUI1426","T1"
"NUI1427","T1"
"NUI1416","T1"
"NUI1417","T1"
"NUI1414","T1"
"NUI1415","T1"
"NUI1420","T1"
"NUI1421","T1"
"NUI1418","T1"
"NUI1419","T1"
"NUI1821","T1"
"NUI1822","T1"
"NUI1819","T1"
"NUI1820","T1"
"NUI1825","T1"
"NUI1826","T1"
"NUI1823","T1"
"NUI1824","T1"
"NUI1742","T1"
"NUI1744","T1"
"NUI1732","T1"
"NUI1743","T1"
"NUI1705","T1"
"NUI1704","T1"
"NUI1703","T1"
"NUI1702","T1"
"NUI1726","T1"
"NUI1729","T1"
"NUI1740","T1"
"NUI1727","T1"
"NUI1730","T1"
"NUI1733","T1"
"NUI1728","T1"
"NUI1731","T1"
"NUI1734","T1"
"NUI1737","T1"
"NUI1827","T2"
"NUI1735","T1"
"NUI1738","T1"
"NUI1741","T1"
"NUI1736","T2"
"NUI1739","T1"
"NUI1828","T1"
"NUI1829","T1"
"NUI1438","T1"
"NUI1772","T1"
"NUI1833","T2"
"NUI1832","T2"
"NUI1831","T1"
"NUI1830","T1"
"NUI1717","T1"
"NUI1716","T1"
"NUI1715","T1"
"NUI1714","T1"
"NUI1545","T1"
"NUI1544","T1"
"NUI1543","T1"
"NUI1542","T1"
"NUI1725","T1"
"NUI1724","T1"
"NUI1723","T1"
"NUI1722","T1"
"NUI1713","T1"
"NUI1712","T1"
"NUI1711","T1"
"NUI1710","T1"
"NUI1701","T1"
"NUI1700","T1"
"NUI1699","T1"
"NUI1698","T1"
"NUI1721","T1"
"NUI1720","T1"
"NUI1719","T1"
"NUI1718","T1"
"NUI1709","T1"
"NUI1708","T1"
"NUI1707","T1"
"NUI1706","T4"
"NUI1697","T1"
"NUI1696","T1"
"NUI1695","T1"
"NUI1694","T1"
"NUI1557","T1"
"NUI1556","T1"
"NUI1555","T1"
"NUI1554","T1"
"NUI1513","T1"
"NUI1512","T1"
"NUI1511","T1"
"NUI1510","T1"
"NUI1565","T2"
"NUI1564","T1"
"NUI1563","T1"
"NUI1562","T1"
"NUI1553","T1"
"NUI1552","T1"
"NUI1551","T1"
"NUI1550","T1"
"NUI1541","T1"
"NUI1540","T1"
"NUI1539","T1"
"NUI1538","T1"
"NUI1561","T1"
"NUI1560","T1"
"NUI1559","T1"
"NUI1558","T1"
"NUI1549","T1"
"NUI1548","T1"
"NUI1547","T1"
"NUI1546","T1"
"NUI1537","T1"
"NUI1536","T1"
"NUI1535","T1"
"NUI1534","T1"
"NUI1525","T1"
"NUI1524","T1"
"NUI1523","T1"
"NUI1522","T1"
"NUI1481","T1"
"NUI1480","T1"
"NUI1479","T1"
"NUI1478","T1"
"NUI1533","T1"
"NUI1532","T1"
"NUI1531","T3"
"NUI1530","T1"
"NUI1521","T1"
"NUI1520","T1"
"NUI1519","T1"
"NUI1518","T1"
"NUI1509","T1"
"NUI1508","T1"
"NUI1507","T1"
"NUI1506","T1"
"NUI1529","T1"
"NUI1528","T1"
"NUI1527","T1"
"NUI1526","T1"
"NUI1517","T1"
"NUI1516","T1"
"NUI1515","T1"
"NUI1514","T1"
"NUI1505","T1"
"NUI1504","T1"
"NUI1503","T1"
"NUI1502","T1"
"NUI1493","T1"
"NUI1492","T1"
"NUI1491","T1"
"NUI1490","T1"
"NUI1449","T1"
"NUI1448","T1"
"NUI1447","T1"
"NUI1446","T1"
"NUI1501","T1"
"NUI1500","T1"
"NUI1499","T1"
"NUI1498","T1"
"NUI1489","T1"
"NUI1488","T1"
"NUI1487","T1"
"NUI1486","T1"
"NUI1477","T1"
"NUI1476","T1"
"NUI1475","T1"
"NUI1474","T1"
"NUI1497","T3"
"NUI1496","T1"
"NUI1495","T1"
"NUI1494","T1"
"NUI1485","T1"
"NUI1484","T1"
"NUI1483","T1"
"NUI1482","T1"
"NUI1473","T1"
"NUI1472","T1"
"NUI1471","T1"
"NUI1470","T1"
"NUI1460","T1"
"NUI1671","T1"
"NUI1458","T1"
"NUI1461","T1"
"NUI1672","T1"
"NUI1675","T1"
"NUI1670","T1"
"NUI1673","T1"
"NUI1468","T3"
"NUI1455","T1"
"NUI1466","T1"
"NUI1469","T1"
"NUI1456","T1"
"NUI1459","T1"
"NUI1454","T1"
"NUI1457","T1"
"NUI1444","T1"
"NUI1463","T1"
"NUI1442","T1"
"NUI1445","T1"
"NUI1464","T1"
"NUI1467","T1"
"NUI1462","T1"
"NUI1465","T1"
"NUI1453","T1"
"NUI1452","T1"
"NUI1451","T1"
"NUI1450","T1"
"NUI1440","T1"
"NUI1443","T1"
"NUI1439","T1"
"NUI1441","T1"
"NUI1684","T1"
"NUI1639","T1"
"NUI1682","T1"
"NUI1685","T1"
"NUI1640","T1"
"NUI1643","T1"
"NUI1638","T1"
"NUI1641","T1"
"NUI1692","T1"
"NUI1679","T1"
"NUI1690","T1"
"NUI1693","T3"
"NUI1680","T1"
"NUI1683","T1"
"NUI1678","T1"
"NUI1681","T1"
"NUI1668","T1"
"NUI1687","T1"
"NUI1666","T1"
"NUI1669","T1"
"NUI1688","T1"
"NUI1691","T1"
"NUI1686","T1"
"NUI1689","T1"
"NUI1676","T1"
"NUI1663","T1"
"NUI1674","T1"
"NUI1677","T1"
"NUI1664","T1"
"NUI1667","T1"
"NUI1662","T1"
"NUI1665","T1"
"NUI1652","T1"
"NUI1607","T1"
"NUI1650","T1"
"NUI1653","T1"
"NUI1608","T1"
"NUI1611","T4"
"NUI1606","T1"
"NUI1609","T1"
"NUI1660","T1"
"NUI1647","T1"
"NUI1658","T1"
"NUI1661","T1"
"NUI1648","T4"
"NUI1651","T3"
"NUI1646","T1"
"NUI1649","T1"
"NUI1636","T1"
"NUI1655","T1"
"NUI1634","T1"
"NUI1637","T1"
"NUI1656","T1"
"NUI1659","T1"
"NUI1654","T1"
"NUI1657","T1"
"NUI1644","T1"
"NUI1631","T1"
"NUI1642","T1"
"NUI1645","T1"
"NUI1632","T1"
"NUI1635","T1"
"NUI1630","T1"
"NUI1633","T1"
"NUI1620","T1"
"NUI1575","T1"
"NUI1618","T1"
"NUI1621","T1"
"NUI1576","T1"
"NUI1579","T1"
"NUI1574","T1"
"NUI1577","T1"
"NUI1628","T1"
"NUI1615","T1"
"NUI1626","T1"
"NUI1629","T1"
"NUI1616","T1"
"NUI1619","T1"
"NUI1614","T1"
"NUI1617","T1"
"NUI1604","T3"
"NUI1623","T1"
"NUI1602","T3"
"NUI1605","T1"
"NUI1624","T1"
"NUI1627","T1"
"NUI1622","T1"
"NUI1625","T1"
"NUI1612","T4"
"NUI1599","T1"
"NUI1610","T1"
"NUI1613","T3"
"NUI1600","T1"
"NUI1603","T1"
"NUI1598","T1"
"NUI1601","T1"
"NUI1588","T1"
"NUI1804","T1"
"NUI1586","T1"
"NUI1589","T1"
"NUI1799","T1"
"NUI1801","T1"
"NUI1807","T1"
"NUI1806","T1"
"NUI1596","T1"
"NUI1583","T1"
"NUI1594","T1"
"NUI1597","T1"
"NUI1584","T1"
"NUI1587","T1"
"NUI1582","T1"
"NUI1585","T1"
"NUI1572","T1"
"NUI1591","T1"
"NUI1570","T1"
"NUI1573","T1"
"NUI1592","T1"
"NUI1595","T1"
"NUI1590","T1"
"NUI1593","T1"
"NUI1580","T1"
"NUI1567","T1"
"NUI1578","T1"
"NUI1581","T1"
"NUI1568","T1"
"NUI1571","T1"
"NUI1566","T1"
"NUI1569","T1"
"NUI1802","T1"
"NUI1805","T1"
"NUI1800","T1"
"NUI1803","T1"
"NUI1771","T1"
"NUI1773","T1"
"NUI1769","T1"
"NUI1770","T1"
"NUI1776","T1"
"NUI1777","T1"
"NUI1774","T1"
"NUI1775","T1"
"NUI1763","T2"
"NUI1764","T1"
"NUI1761","T1"
"NUI1762","T3"
"NUI1767","T1"
"NUI1768","T1"
"NUI1765","T1"
"NUI1766","T1"
"NUI1755","T1"
"NUI1756","T2"
"NUI1753","T1"
"NUI1754","T1"
"NUI1759","T1"
"NUI1760","T1"
"NUI1757","T2"
"NUI1758","T2"
"NUI1747","T1"
"NUI1748","T1"
"NUI1745","T1"
"NUI1746","T1"
"NUI1751","T1"
"NUI1752","T1"
"NUI1749","T1"
"NUI1327","T1"
"NUI1328","T3"
"NUI1325","T1"
"NUI1326","T1"
"NUI1329","T4"
"NUI0919","T1"
"NUI0914","T1"
"NUI0938","T1"
"NUI0924","T3"
"NUI0927","T3"
"NUI0926","T3"
"NUI0894","T1"
"NUI0928","T2"
"NUI0931","T3"
"NUI0930","T1"
"NUI0946","T1"
"NUI0937","T1"
"NUI0940","T1"
"NUI0939","T3"
"NUI0929","T4"
"NUI0941","T1"
"NUI0944","T1"
"NUI0943","T1"
"NUI1005","T1"
"NUI0945","T2"
"NUI1009","T1"
"NUI0947","T1"
"NUI0942","T1"
"NUI1010","T1"
"NUI1011","T1"
"NUI1006","T1"
"NUI1047","T1"
"NUI1012","T1"
"NUI1007","T1"
"NUI1008","T1"
"NUI1004","T1"
"NUI1022","T1"
"NUI1340","T4"
"NUI1339","T1"
"NUI1342","T3"
"NUI1341","T4"
"NUI1361","T3"
"NUI1343","T3"
"NUI1345","T1"
"NUI1344","T3"
"NUI0903","T1"
"NUI0901","T1"
"NUI0899","T3"
"NUI0904","T1"
"NUI0906","T1"
"NUI0905","T1"
"NUI0896","T3"
"NUI0908","T1"
"NUI0897","T3"
"NUI0895","T1"
"NUI0888","T4"
"NUI0898","T3"
"NUI0900","T3"
"NUI0911","T1"
"NUI0890","T1"
"NUI0902","T1"
"NUI0891","T1"
"NUI0910","T1"
"NUI0925","T2"
"NUI0907","T1"
"NUI0892","T3"
"NUI0889","T2"
"NUI0909","T1"
"NUI0893","T3"
"NUI1393","T3"
"NUI1409","T3"
"NUI1233","T4"
"NUI1403","T3"
"NUI1410","T3"
"NUI1408","T3"
"NUI1210","T4"
"NUI1395","T3"
"NUI1369","T4"
"NUI1368","T1"
"NUI1363","T3"
"NUI1362","T1"
"NUI1235","T1"
"NUI1234","T3"
"NUI1367","T3"
"NUI1364","T1"
"NUI1357","T4"
"NUI1370","T1"
"NUI1359","T4"
"NUI1358","T1"
"NUI1356","T4"
"NUI1355","T4"
"NUI1330","T1"
"NUI1360","T1"
"NUI1332","T3"
"NUI1331","T1"
"NUI1334","T3"
"NUI1333","T3"
"NUI1336","T1"
"NUI1335","T2"
"NUI1338","T3"
"NUI1337","T3"
"NUI1386","T1"
"NUI1372","T1"
"NUI1383","T1"
"NUI1390","T1"
"NUI1380","T3"
"NUI1375","T3"
"NUI1371","T1"
"NUI1354","T1"
"NUI1392","T1"
"NUI1384","T3"
"NUI1412","T3"
"NUI1411","T4"
"NUI1374","T2"
"NUI1391","T1"
"NUI1388","T3"
"NUI1381","T2"
"NUI1404","T1"
"NUI1389","T1"
"NUI1406","T3"
"NUI1405","T3"
"NUI1385","T3"
"NUI1413","T2"
"NUI1387","T1"
"NUI1382","T1"
"NUI1398","T2"
"NUI1397","T3"
"NUI1394","T3"
"NUI1399","T3"
"NUI1402","T3"
"NUI1407","T3"
"NUI1396","T3"
"NUI1400","T3"
"NUI0514","T1"
"NUI0507","T1"
"NUI0597","T2"
"NUI0596","T2"
"NUI0673","T4"
"NUI0518","T4"
"NUI0508","T1"
"NUI0503","T1"
"NUI0594","T3"
"NUI0593","T1"
"NUI0606","T2"
"NUI0605","T2"
"NUI0600","T2"
"NUI0599","T2"
"NUI0592","T3"
"NUI0674","T3"
"NUI0604","T3"
"NUI0603","T1"
"NUI1351","T3"
"NUI1350","T3"
"NUI0583","T2"
"NUI0609","T2"
"NUI0602","T1"
"NUI0601","T3"
"NUI1349","T3"
"NUI1348","T3"
"NUI1376","T3"
"NUI1377","T1"
"NUI1353","T3"
"NUI1352","T3"
"NUI1347","T1"
"NUI1346","T1"
"NUI0490","T1"
"NUI0489","T1"
"NUI0511","T1"
"NUI0510","T1"
"NUI0498","T1"
"NUI0497","T1"
"NUI0488","T1"
"NUI0487","T3"
"NUI0509","T1"
"NUI0506","T1"
"NUI0504","T1"
"NUI0519","T4"
"NUI0513","T1"
"NUI0512","T1"
"NUI0505","T1"
"NUI0500","T1"
"NUI0477","T1"
"NUI0517","T1"
"NUI0499","T1"
"NUI0495","T3"
"NUI0483","T1"
"NUI0481","T1"
"NUI0516","T1"
"NUI0515","T1"
"NUI0494","T1"
"NUI0492","T1"
"NUI0485","T1"
"NUI0478","T1"
"NUI0502","T1"
"NUI0501","T1"
"NUI0491","T1"
"NUI0486","T1"
"NUI0416","T1"
"NUI0411","T1"
"NUI0421","T2"
"NUI0423","T3"
"NUI0438","T3"
"NUI0459","T1"
"NUI0448","T1"
"NUI0463","T1"
"NUI0442","T2"
"NUI0461","T3"
"NUI0470","T4"
"NUI0469","T3"
"NUI0445","T2"
"NUI0458","T1"
"NUI0428","T2"
"NUI0412","T3"
"NUI0468","T3"
"NUI0467","T3"
"NUI0480","T1"
"NUI0479","T1"
"NUI0472","T4"
"NUI0471","T3"
"NUI0466","T2"
"NUI0447","T2"
"NUI0476","T3"
"NUI0475","T1"
"NUI0496","T1"
"NUI0493","T3"
"NUI0484","T1"
"NUI0482","T1"
"NUI0474","T4"
"NUI0473","T4"
"NUI0429","T3"
"NUI0460","T2"
"NUI0450","T2"
"NUI0433","T2"
"NUI0456","T3"
"NUI0464","T1"
"NUI0437","T4"
"NUI0441","T3"
"NUI0453","T2"
"NUI0419","T2"
"NUI0454","T2"
"NUI0451","T2"
"NUI0410","T1"
"NUI0430","T1"
"NUI0413","T3"
"NUI0425","T2"
"NUI0418","T2"
"NUI0439","T2"
"NUI0449","T2"
"NUI0440","T2"
"NUI0435","T2"
"NUI0415","T1"
"NUI0417","T2"
"NUI0427","T2"
"NUI0420","T1"
"NUI0446","T2"
"NUI0424","T2"
"NUI0462","T3"
"NUI0414","T2"
"NUI0422","T1"
"NUI0436","T2"
"NUI0647","T4"
"NUI0633","T3"
"NUI0649","T2"
"NUI0648","T3"
"NUI0630","T3"
"NUI0642","T4"
"NUI0632","T2"
"NUI0631","T3"
"NUI0656","T3"
"NUI0646","T2"
"NUI0659","T2"
"NUI0658","T3"
"NUI0643","T2"
"NUI0650","T3"
"NUI0645","T2"
"NUI0644","T2"
"NUI0666","T3"
"NUI0655","T2"
"NUI0668","T3"
"NUI0667","T3"
"NUI0652","T2"
"NUI0660","T2"
"NUI0654","T2"
"NUI0653","T2"
"NUI0611","T2"
"NUI0665","T3"
"NUI0618","T2"
"NUI0617","T3"
"NUI0661","T3"
"NUI0669","T2"
"NUI0664","T3"
"NUI0662","T2"
"NUI0589","T2"
"NUI0880","T1"
"NUI0591","T2"
"NUI0590","T2"
"NUI0877","T1"
"NUI0883","T1"
"NUI0879","T1"
"NUI0878","T1"
"NUI0616","T2"
"NUI0588","T2"
"NUI0620","T3"
"NUI0619","T2"
"NUI0584","T3"
"NUI0610","T2"
"NUI0587","T2"
"NUI0585","T2"
"NUI0626","T2"
"NUI0615","T2"
"NUI0628","T2"
"NUI0627","T2"
"NUI0612","T2"
"NUI0621","T3"
"NUI0614","T2"
"NUI0613","T2"
"NUI0635","T3"
"NUI0625","T2"
"NUI0638","T2"
"NUI0636","T2"
"NUI0622","T2"
"NUI0629","T3"
"NUI0624","T2"
"NUI0623","T3"
"NUI0857","T1"
"NUI0850","T3"
"NUI0859","T1"
"NUI0858","T1"
"NUI0831","T4"
"NUI0852","T1"
"NUI0851","T3"
"NUI0843","T3"
"NUI0865","T1"
"NUI0856","T1"
"NUI0867","T1"
"NUI0866","T1"
"NUI0853","T1"
"NUI0860","T1"
"NUI0855","T1"
"NUI0854","T1"
"NUI0873","T1"
"NUI0864","T1"
"NUI0875","T1"
"NUI0874","T1"
"NUI0861","T1"
"NUI0868","T1"
"NUI0863","T1"
"NUI0862","T1"
"NUI0881","T1"
"NUI0872","T1"
"NUI0886","T1"
"NUI0882","T1"
"NUI0869","T1"
"NUI0876","T1"
"NUI0871","T1"
"NUI0870","T1"
"NUI0791","T2"
"NUI0775","T3"
"NUI0796","T2"
"NUI0792","T2"
"NUI0769","T3"
"NUI0804","T3"
"NUI0772","T2"
"NUI0770","T3"
"NUI0778","T3"
"NUI0789","T3"
"NUI0806","T1"
"NUI0805","T1"
"NUI0786","T3"
"NUI0799","T3"
"NUI0788","T1"
"NUI0787","T3"
"NUI0828","T1"
"NUI0785","T3"
"NUI0833","T1"
"NUI0834","T1"
"NUI0745","T1"
"NUI0807","T1"
"NUI0754","T3"
"NUI0751","T3"
"NUI0885","T1"
"NUI0827","T1"
"NUI0884","T3"
"NUI0887","T1"
"NUI0808","T1"
"NUI0832","T1"
"NUI0820","T3"
"NUI0809","T1"
"NUI0800","T1"
"NUI0779","T3"
"NUI0738","T2"
"NUI0801","T1"
"NUI0774","T3"
"NUI0793","T1"
"NUI0777","T3"
"NUI0776","T3"
"NUI0747","T2"
"NUI0798","T1"
"NUI0749","T1"
"NUI0748","T3"
"NUI0794","T3"
"NUI0739","T2"
"NUI0797","T1"
"NUI0795","T3"
"NUI0761","T2"
"NUI0744","T1"
"NUI0766","T3"
"NUI0763","T2"
"NUI0740","T2"
"NUI0750","T1"
"NUI0743","T3"
"NUI0742","T3"
"NUI0781","T3"
"NUI0759","T3"
"NUI0784","T3"
"NUI0783","T3"
"NUI0752","T1"
"NUI0768","T3"
"NUI0758","T3"
"NUI0757","T2"
"NUI0735","T1"
"NUI1228","T3"
"NUI0727","T1"
"NUI0736","T1"
"NUI1225","T3"
"NUI1232","T2"
"NUI1227","T2"
"NUI1226","T2"
"NUI0765","T3"
"NUI0734","T3"
"NUI0746","T3"
"NUI0737","T3"
"NUI0731","T1"
"NUI0728","T1"
"NUI0732","T1"
"NUI0733","T1"
"NUI0764","T1"
"NUI0741","T2"
"NUI0771","T3"
"NUI0767","T3"
"NUI0729","T1"
"NUI0753","T1"
"NUI0803","T4"
"NUI0802","T2"
"NUI0780","T3"
"NUI0762","T3"
"NUI0790","T1"
"NUI0782","T3"
"NUI0755","T3"
"NUI0773","T3"
"NUI0760","T3"
"NUI0756","T3"
"NUI1064","T1"
"NUI1020","T1"
"NUI1063","T1"
"NUI1065","T3"
"NUI1015","T1"
"NUI1056","T1"
"NUI1019","T1"
"NUI1016","T3"
"NUI1213","T3"
"NUI1051","T3"
"NUI1215","T1"
"NUI1214","T3"
"NUI1057","T3"
"NUI1059","T3"
"NUI1050","T1"
"NUI1061","T3"
"NUI1221","T3"
"NUI1212","T3"
"NUI1223","T3"
"NUI1222","T3"
"NUI1060","T1"
"NUI1216","T2"
"NUI1211","T2"
"NUI1062","T4"
"NUI1229","T3"
"NUI1220","T3"
"NUI1231","T2"
"NUI1230","T3"
"NUI1217","T3"
"NUI1224","T3"
"NUI1219","T2"
"NUI1218","T3"
"NUI1045","T1"
"NUI1044","T1"
"NUI1030","T1"
"NUI1046","T1"
"NUI1025","T1"
"NUI1021","T3"
"NUI1023","T1"
"NUI1026","T1"
"NUI1029","T3"
"NUI1028","T3"
"NUI1032","T1"
"NUI1048","T1"
"NUI1033","T1"
"NUI1031","T1"
"NUI1027","T1"
"NUI1036","T1"
"NUI1035","T2"
"NUI1041","T4"
"NUI1013","T2"
"NUI1037","T1"
"NUI1042","T1"
"NUI1034","T1"
"NUI1039","T1"
"NUI1038","T1"
"NUI1040","T4"
"NUI1024","T1"
"NUI1049","T3"
"NUI1058","T3"
"NUI1043","T3"
"NUI1014","T2"
"NUI1018","T1"
"NUI1017","T3"
"NUI1101","T3"
"NUI1105","T3"
"NUI1096","T1"
"NUI1097","T4"
"NUI1109","T1"
"NUI1110","T2"
"NUI1106","T3"
"NUI1107","T3"
"NUI1079","T3"
"NUI1081","T3"
"NUI1077","T3"
"NUI1078","T3"
"NUI1089","T3"
"NUI1093","T3"
"NUI1085","T3"
"NUI1088","T3"
"NUI1067","T3"
"NUI1068","T1"
"NUI1083","T3"
"NUI1066","T1"
"NUI1075","T2"
"NUI1076","T2"
"NUI1071","T1"
"NUI1072","T1"
"NUI1141","T3"
"NUI1129","T3"
"NUI1164","T3"
"NUI1171","T3"
"NUI1084","T3"
"NUI1082","T3"
"NUI1128","T3"
"NUI1095","T3"
"NUI1161","T3"
"NUI1168","T3"
"NUI1156","T3"
"NUI1160","T3"
"NUI1174","T3"
"NUI1176","T3"
"NUI1170","T3"
"NUI1173","T3"
"NUI1145","T3"
"NUI1146","T2"
"NUI1143","T1"
"NUI1144","T4"
"NUI1152","T2"
"NUI1155","T3"
"NUI1147","T2"
"NUI1149","T2"
"NUI1132","T3"
"NUI1133","T2"
"NUI1126","T2"
"NUI1127","T3"
"NUI1139","T4"
"NUI1140","T3"
"NUI1134","T2"
"NUI1135","T3"
"NUI1115","T1"
"NUI1116","T1"
"NUI1112","T1"
"NUI1113","T3"
"NUI1124","T3"
"NUI1125","T3"
"NUI1117","T3"
"NUI1123","T1"
"NUI0523","T1"
"NUI0526","T3"
"NUI0542","T1"
"NUI0544","T1"
"NUI0546","T1"
"NUI0548","T1"
"NUI0529","T1"
"NUI0532","T1"
"NUI0530","T3"
"NUI0531","T3"
"NUI0520","T1"
"NUI0521","T1"
"NUI0540","T1"
"NUI0563","T4"
"NUI0535","T3"
"NUI0537","T1"
"NUI0538","T1"
"NUI0539","T1"
"NUI1378","T1"
"NUI1379","T4"
"NUI0547","T1"
"NUI0565","T1"
"NUI0541","T1"
"NUI0545","T1"
"NUI1130","T3"
"NUI1074","T3"
"NUI1178","T3"
"NUI1182","T3"
"NUI1366","T1"
"NUI1373","T1"
"NUI1157","T3"
"NUI1365","T2"
"NUI0570","T1"
"NUI0572","T1"
"NUI0568","T1"
"NUI0566","T1"
"NUI0581","T1"
"NUI0567","T1"
"NUI0573","T1"
"NUI0578","T1"
"NUI0543","T1"
"NUI0561","T3"
"NUI0534","T3"
"NUI0536","T3"
"NUI0564","T1"
"NUI0553","T3"
"NUI0556","T2"
"NUI0559","T1"
"NUI0550","T1"
"NUI0555","T1"
"NUI0533","T1"
"NUI0549","T1"
"NUI0524","T1"
"NUI0527","T3"
"NUI0560","T1"
"NUI0522","T3"
"NUI0551","T2"
"NUI0552","T1"
"NUI0557","T1"
"NUI0562","T1"
"NUI0525","T3"
"NUI0528","T1"
"NUI0554","T1"
"NUI0558","T1"
"NUI0958","T3"
"NUI0959","T2"
"NUI0955","T1"
"NUI0957","T2"
"NUI0962","T1"
"NUI0963","T3"
"NUI0960","T2"
"NUI0961","T2"
"NUI0979","T2"
"NUI0980","T2"
"NUI0977","T2"
"NUI0978","T3"
"NUI0983","T3"
"NUI0948","T1"
"NUI0981","T2"
"NUI0982","T3"
"NUI0991","T3"
"NUI0994","T1"
"NUI0582","T1"
"NUI0988","T3"
"NUI0975","T3"
"NUI0976","T2"
"NUI0995","T3"
"NUI0997","T3"
"NUI0574","T1"
"NUI0575","T1"
"NUI0569","T1"
"NUI0571","T1"
"NUI0579","T4"
"NUI0577","T4"
"NUI0576","T3"
"NUI0580","T1"
"NUI1002","T4"
"NUI1003","T4"
"NUI1000","T4"
"NUI1001","T4"
"NUI0949","T1"
"NUI0972","T3"
"NUI0996","T2"
"NUI0993","T1"
"NUI0990","T2"
"NUI0950","T1"
"NUI0987","T3"
"NUI0989","T2"
"NUI0998","T3"
"NUI0999","T4"
"NUI0967","T1"
"NUI0971","T3"
"NUI0956","T1"
"NUI0974","T1"
"NUI0953","T3"
"NUI0954","T1"
"NUI0984","T3"
"NUI0951","T1"
"NUI0985","T2"
"NUI0992","T3"
"NUI0966","T4"
"NUI0968","T3"
"NUI0964","T3"
"NUI0965","T2"
"NUI0969","T2"
"NUI0952","T1"
"NUI0970","T2"
"NUI0973","T2"
"NUI0697","T3"
"NUI0688","T3"
"NUI0699","T1"
"NUI0698","T1"
"NUI0685","T3"
"NUI0692","T3"
"NUI0687","T3"
"NUI0686","T3"
"NUI1208","T3"
"NUI1193","T3"
"NUI1209","T1"
"NUI1206","T1"
"NUI0693","T1"
"NUI0700","T1"
"NUI1205","T3"
"NUI1201","T3"
"NUI1195","T1"
"NUI1199","T1"
"NUI1204","T1"
"NUI1189","T1"
"NUI1203","T3"
"NUI1207","T4"
"NUI1200","T1"
"NUI1202","T3"
"NUI1190","T1"
"NUI1191","T3"
"NUI0986","T2"
"NUI1188","T3"
"NUI1197","T1"
"NUI1198","T1"
"NUI1192","T3"
"NUI1194","T1"
"NUI0651","T3"
"NUI0586","T2"
"NUI0663","T2"
"NUI0657","T2"
"NUI0670","T2"
"NUI0634","T3"
"NUI0672","T2"
"NUI0671","T2"
"NUI0725","T1"
"NUI0641","T3"
"NUI0675","T1"
"NUI0726","T4"
"NUI0637","T2"
"NUI0595","T1"
"NUI0640","T2"
"NUI0639","T2"
"NUI0681","T3"
"NUI0712","T4"
"NUI0683","T3"
"NUI0682","T3"
"NUI0598","T2"
"NUI0676","T1"
"NUI0608","T2"
"NUI0607","T3"
"NUI0689","T3"
"NUI0680","T3"
"NUI0691","T3"
"NUI0690","T1"
"NUI0677","T3"
"NUI0684","T3"
"NUI0679","T3"
"NUI0678","T3"
"NUI0124","T2"
"NUI0207","T2"
"NUI0130","T2"
"NUI0123","T2"
"NUI0120","T2"
"NUI0121","T2"
"NUI0125","T2"
"NUI0119","T2"
"NUI0211","T2"
"NUI0212","T2"
"NUI0209","T2"
"NUI0210","T2"
"NUI0128","T2"
"NUI0129","T2"
"NUI0126","T2"
"NUI0127","T2"
"NUI0154","T2"
"NUI0132","T2"
"NUI0152","T2"
"NUI0153","T2"
"NUI0131","T2"
"NUI0208","T2"
"NUI0149","T2"
"NUI0150","T2"
"NUI0162","T2"
"NUI0155","T2"
"NUI0160","T2"
"NUI0161","T2"
"NUI0158","T2"
"NUI0151","T2"
"NUI0156","T2"
"NUI0157","T2"
"NUI0095","T2"
"NUI0096","T2"
"NUI0093","T2"
"NUI0094","T2"
"NUI0205","T3"
"NUI0206","T2"
"NUI0088","T2"
"NUI0089","T2"
"NUI0097","T2"
"NUI0098","T2"
"NUI0103","T2"
"NUI0104","T2"
"NUI0101","T2"
"NUI0092","T2"
"NUI0099","T2"
"NUI0100","T2"
"NUI0105","T2"
"NUI0106","T2"
"NUI0112","T2"
"NUI0113","T2"
"NUI0109","T2"
"NUI0102","T3"
"NUI0107","T2"
"NUI0108","T2"
"NUI0117","T2"
"NUI0118","T2"
"NUI0122","T2"
"NUI0116","T2"
"NUI0110","T2"
"NUI0111","T2"
"NUI0114","T2"
"NUI0115","T2"
"NUI0037","T2"
"NUI0038","T2"
"NUI0036","T2"
"NUI0201","T2"
"NUI0031","T2"
"NUI0032","T2"
"NUI0029","T2"
"NUI0030","T2"
"NUI0137","T2"
"NUI0039","T2"
"NUI0135","T2"
"NUI0136","T2"
"NUI0034","T2"
"NUI0035","T2"
"NUI0040","T2"
"NUI0041","T2"
"NUI0144","T2"
"NUI0138","T2"
"NUI0142","T2"
"NUI0143","T3"
"NUI0133","T2"
"NUI0134","T2"
"NUI0213","T2"
"NUI0139","T2"
"NUI0145","T2"
"NUI0146","T3"
"NUI0090","T2"
"NUI0091","T2"
"NUI0140","T2"
"NUI0141","T2"
"NUI0147","T2"
"NUI0148","T2"
"NUI0193","T2"
"NUI0194","T3"
"NUI0198","T2"
"NUI0008","T2"
"NUI0004","T3"
"NUI0005","T2"
"NUI0195","T2"
"NUI0196","T2"
"NUI0015","T2"
"NUI0197","T3"
"NUI0013","T2"
"NUI0014","T2"
"NUI0011","T2"
"NUI0012","T3"
"NUI0009","T2"
"NUI0010","T2"
"NUI0019","T2"
"NUI0200","T2"
"NUI0022","T2"
"NUI0023","T2"
"NUI0018","T2"
"NUI0199","T2"
"NUI0016","T2"
"NUI0017","T2"
"NUI0028","T2"
"NUI0024","T2"
"NUI0033","T2"
"NUI0027","T3"
"NUI0020","T2"
"NUI0021","T2"
"NUI0025","T2"
"NUI0026","T2"
"NUI0812","T1"
"NUI0813","T1"
"NUI0810","T1"
"NUI0811","T1"
"NUI0816","T1"
"NUI0817","T1"
"NUI0814","T1"
"NUI0815","T1"
"NUI0050","T2"
"NUI0051","T2"
"NUI0048","T2"
"NUI0049","T2"
"NUI0044","T3"
"NUI0045","T3"
"NUI0042","T2"
"NUI0043","T2"
"NUI0056","T2"
"NUI0052","T3"
"NUI0001","T2"
"NUI0055","T2"
"NUI0046","T2"
"NUI0047","T2"
"NUI0053","T3"
"NUI0054","T2"
"NUI0002","T2"
"NUI0192","T2"
"NUI0006","T2"
"NUI0007","T2"
"NUI0058","T2"
"NUI0059","T2"
"NUI0003","T2"
"NUI0057","T2"
"NUI0915","T1"
"NUI0916","T1"
"NUI0912","T1"
"NUI0913","T1"
"NUI0918","T1"
"NUI0917","T2"
"NUI0920","T1"
"NUI0922","T1"
"NUI0837","T3"
"NUI0838","T1"
"NUI0847","T3"
"NUI0835","T3"
"NUI0841","T1"
"NUI0842","T1"
"NUI0839","T3"
"NUI0840","T3"
"NUI0845","T3"
"NUI0844","T4"
"NUI0829","T1"
"NUI0830","T1"
"NUI0836","T3"
"NUI0846","T3"
"NUI0849","T3"
"NUI0848","T1"
"NUI0821","T3"
"NUI0822","T3"
"NUI0818","T3"
"NUI0819","T1"
"NUI0825","T1"
"NUI0826","T1"
"NUI0823","T1"
"NUI0824","T1"
"NUI1094","T1"
"NUI1098","T3"
"NUI1090","T1"
"NUI1091","T3"
"NUI1103","T1"
"NUI1104","T1"
"NUI1100","T3"
"NUI1102","T1"
"NUI1111","T3"
"NUI1114","T1"
"NUI1070","T1"
"NUI1099","T3"
"NUI1086","T3"
"NUI1087","T3"
"NUI1069","T1"
"NUI1073","T1"
"NUI1054","T1"
"NUI1183","T4"
"NUI1052","T3"
"NUI1055","T1"
"NUI1187","T3"
"NUI1186","T3"
"NUI1184","T1"
"NUI1185","T3"
"NUI0932","T3"
"NUI0933","T4"
"NUI0921","T1"
"NUI0923","T4"
"NUI0934","T1"
"NUI1053","T3"
"NUI0936","T3"
"NUI0935","T1"
"NUI1180","T1"
"NUI1181","T1"
"NUI1177","T3"
"NUI1179","T3"
"NUI1163","T3"
"NUI1153","T2"
"NUI1080","T3"
"NUI1092","T1"
"NUI1165","T3"
"NUI1166","T3"
"NUI1159","T3"
"NUI1162","T3"
"NUI1172","T1"
"NUI1175","T3"
"NUI1167","T1"
"NUI1169","T1"
"NUI1142","T3"
"NUI1148","T3"
"NUI1137","T3"
"NUI1138","T3"
"NUI1154","T3"
"NUI1158","T3"
"NUI1150","T1"
"NUI1151","T1"
"NUI1119","T1"
"NUI1120","T3"
"NUI1108","T1"
"NUI1118","T3"
"NUI1131","T3"
"NUI1136","T3"
"NUI1121","T3"
"NUI1122","T1"
"NUI0305","T2"
"NUI0306","T2"
"NUI0303","T2"
"NUI0304","T2"
"NUI0309","T2"
"NUI0310","T2"
"NUI0307","T2"
"NUI0308","T3"
"NUI0297","T2"
"NUI0298","T2"
"NUI0295","T3"
"NUI0296","T2"
"NUI0301","T2"
"NUI0302","T2"
"NUI0299","T3"
"NUI0300","T2"
"NUI0289","T2"
"NUI0290","T3"
"NUI0287","T3"
"NUI0288","T3"
"NUI0293","T2"
"NUI0294","T2"
"NUI0291","T3"
"NUI0292","T2"
"NUI0281","T2"
"NUI0282","T3"
"NUI0279","T2"
"NUI0280","T2"
"NUI0285","T2"
"NUI0286","T3"
"NUI0283","T2"
"NUI0284","T2"
"NUI0338","T2"
"NUI0339","T3"
"NUI0336","T2"
"NUI0337","T3"
"NUI0343","T3"
"NUI0344","T3"
"NUI0340","T3"
"NUI0342","T2"
"NUI0330","T2"
"NUI0331","T1"
"NUI0328","T2"
"NUI0329","T3"
"NUI0334","T2"
"NUI0335","T3"
"NUI0332","T2"
"NUI0333","T2"
"NUI0321","T1"
"NUI0322","T2"
"NUI0319","T3"
"NUI0320","T1"
"NUI0326","T2"
"NUI0327","T2"
"NUI0324","T2"
"NUI0325","T2"
"NUI0313","T2"
"NUI0314","T1"
"NUI0311","T2"
"NUI0312","T2"
"NUI0317","T1"
"NUI0318","T3"
"NUI0315","T3"
"NUI0316","T2"
"NUI0370","T3"
"NUI0371","T2"
"NUI0369","T2"
"NUI0341","T3"
"NUI0374","T2"
"NUI0375","T3"
"NUI0372","T3"
"NUI0373","T3"
"NUI0363","T3"
"NUI0364","T2"
"NUI0361","T3"
"NUI0362","T2"
"NUI0367","T2"
"NUI0368","T2"
"NUI0365","T2"
"NUI0366","T2"
"NUI0355","T2"
"NUI0356","T2"
"NUI0353","T2"
"NUI0354","T3"
"NUI0359","T2"
"NUI0360","T2"
"NUI0357","T2"
"NUI0358","T3"
"NUI0347","T2"
"NUI0348","T2"
"NUI0345","T3"
"NUI0346","T3"
"NUI0351","T2"
"NUI0352","T2"
"NUI0349","T2"
"NUI0350","T3"
"NUI0401","T3"
"NUI0402","T3"
"NUI0399","T2"
"NUI0400","T4"
"NUI0261","T2"
"NUI0255","T2"
"NUI0264","T2"
"NUI0260","T2"
"NUI0323","T2"
"NUI0394","T3"
"NUI0392","T2"
"NUI0393","T2"
"NUI0397","T3"
"NUI0398","T2"
"NUI0395","T3"
"NUI0396","T2"
"NUI0386","T3"
"NUI0387","T2"
"NUI0384","T3"
"NUI0385","T3"
"NUI0390","T2"
"NUI0391","T3"
"NUI0388","T2"
"NUI0389","T2"
"NUI0378","T2"
"NUI0379","T2"
"NUI0376","T2"
"NUI0377","T2"
"NUI0382","T2"
"NUI0383","T3"
"NUI0380","T2"
"NUI0381","T2"
"NUI0269","T1"
"NUI0252","T3"
"NUI0243","T2"
"NUI0236","T2"
"NUI0226","T1"
"NUI0227","T2"
"NUI0253","T2"
"NUI0254","T2"
"NUI0237","T2"
"NUI0238","T3"
"NUI0247","T2"
"NUI0258","T1"
"NUI0241","T3"
"NUI0242","T3"
"NUI0239","T3"
"NUI0240","T3"
"NUI0250","T3"
"NUI0270","T2"
"NUI0248","T2"
"NUI0249","T1"
"NUI0245","T1"
"NUI0246","T2"
"NUI0271","T1"
"NUI0244","T1"
"NUI0272","T1"
"NUI0273","T2"
"NUI0262","T2"
"NUI0263","T2"
"NUI0257","T3"
"NUI0259","T2"
"NUI0276","T2"
"NUI0256","T3"
"NUI0404","T2"
"NUI0405","T3"
"NUI0277","T3"
"NUI0403","T3"
"NUI0408","T2"
"NUI0216","T2"
"NUI0407","T2"
"NUI0406","T2"
"NUI0231","T3"
"NUI0274","T2"
"NUI0229","T2"
"NUI0230","T3"
"NUI0218","T3"
"NUI0275","T3"
"NUI0265","T2"
"NUI0219","T2"
"NUI0232","T2"
"NUI0233","T1"
"NUI0266","T1"
"NUI0220","T2"
"NUI0268","T2"
"NUI0228","T2"
"NUI0234","T1"
"NUI0235","T2"
"NUI0278","T2"
"NUI0267","T2"
"NUI0251","T2"
"NUI0225","T1"
"NUI0223","T2"
"NUI0224","T2"
"NUI0221","T2"
"NUI0222","T1"
"NUI0074","T2"
"NUI0075","T2"
"NUI0084","T2"
"NUI0073","T3"
"NUI0078","T2"
"NUI0079","T2"
"NUI0076","T2"
"NUI0077","T2"
"NUI0086","T2"
"NUI0204","T2"
"NUI0069","T2"
"NUI0085","T2"
"NUI0082","T3"
"NUI0083","T2"
"NUI0080","T2"
"NUI0081","T2"
"NUI0187","T2"
"NUI0070","T2"
"NUI0191","T2"
"NUI0186","T3"
"NUI0062","T2"
"NUI0087","T2"
"NUI0060","T2"
"NUI0061","T2"
"NUI0188","T3"
"NUI0189","T4"
"NUI0217","T2"
"NUI0215","T2"
"NUI0064","T2"
"NUI0185","T2"
"NUI0190","T2"
"NUI0063","T2"
"NUI0167","T2"
"NUI0168","T2"
"NUI0170","T2"
"NUI0166","T2"
"NUI0165","T2"
"NUI0159","T2"
"NUI0163","T2"
"NUI0164","T2"
"NUI0178","T2"
"NUI0214","T2"
"NUI0176","T2"
"NUI0177","T2"
"NUI0173","T2"
"NUI0169","T2"
"NUI0171","T2"
"NUI0172","T2"
"NUI0181","T2"
"NUI0182","T2"
"NUI0179","T2"
"NUI0180","T2"
"NUI0174","T2"
"NUI0175","T2"
"NUI0183","T2"
"NUI0184","T2"
"NUI0065","T3"
"NUI0202","T2"
"NUI0071","T2"
"NUI0072","T2"
"NUI0067","T2"
"NUI0068","T2"
"NUI0203","T3"
"NUI0066","T2"
"NUI0704","T1"
"NUI0703","T1"
"NUI0717","T1"
"NUI0716","T1"
"NUI0709","T1"
"NUI0708","T1"
"NUI0702","T1"
"NUI0701","T1"
"NUI0715","T1"
"NUI0714","T1"
"NUI0707","T1"
"NUI0724","T1"
"NUI0719","T3"
"NUI0718","T3"
"NUI0711","T1"
"NUI0710","T1"
"NUI0723","T3"
"NUI0722","T3"
"NUI0434","T2"
"NUI0444","T2"
"NUI0730","T1"
"NUI0713","T1"
"NUI0721","T3"
"NUI0720","T3"
"NUI0457","T2"
"NUI0431","T2"
"NUI0465","T3"
"NUI0426","T2"
"NUI0443","T2"
"NUI0432","T2"
"NUI0452","T2"
"NUI0409","T3"
"NUI1255","T3"
"NUI1256","T3"
"NUI1253","T2"
"NUI1254","T3"
"NUI1259","T1"
"NUI1260","T3"
"NUI1257","T2"
"NUI1258","T1"
"NUI1247","T3"
"NUI1248","T2"
"NUI1245","T2"
"NUI1246","T2"
"NUI1251","T2"
"NUI1252","T3"
"NUI1249","T2"
"NUI1250","T2"
"NUI1239","T3"
"NUI1240","T1"
"NUI1237","T3"
"NUI1238","T2"
"NUI1243","T2"
"NUI1244","T2"
"NUI1241","T2"
"NUI1242","T3"
"NUI0696","T3"
"NUI0695","T3"
"NUI0706","T1"
"NUI0705","T3"
"NUI1401","T3"
"NUI1236","T2"
"NUI0694","T3"
"NUI1196","T1"
"NUI1287","T4"
"NUI1288","T4"
"NUI1285","T3"
"NUI1286","T2"
"NUI1291","T2"
"NUI1292","T3"
"NUI1289","T3"
"NUI1290","T2"
"NUI1279","T2"
"NUI1280","T2"
"NUI1277","T3"
"NUI1278","T2"
"NUI1283","T3"
"NUI1284","T2"
"NUI1281","T2"
"NUI1282","T2"
"NUI1271","T2"
"NUI1272","T2"
"NUI1269","T3"
"NUI1270","T3"
"NUI1275","T2"
"NUI1276","T3"
"NUI1273","T3"
"NUI1274","T3"
"NUI1263","T2"
"NUI1264","T2"
"NUI1261","T3"
"NUI1262","T3"
"NUI1267","T4"
"NUI1268","T3"
"NUI1265","T2"
"NUI1266","T3"
"NUI1319","T1"
"NUI1320","T1"
"NUI1317","T1"
"NUI1318","T1"
"NUI1323","T3"
"NUI1324","T4"
"NUI1321","T3"
"NUI1322","T1"
"NUI1311","T1"
"NUI1312","T3"
"NUI1309","T4"
"NUI1310","T3"
"NUI1315","T1"
"NUI1316","T1"
"NUI1313","T3"
"NUI1314","T3"
"NUI1303","T3"
"NUI1304","T1"
"NUI1301","T1"
"NUI1302","T1"
"NUI1307","T1"
"NUI1308","T3"
"NUI1305","T4"
"NUI1306","T3"
"NUI1295","T4"
"NUI1296","T2"
"NUI1293","T1"
"NUI1294","T2"
"NUI1299","T2"
"NUI1300","T1"
"NUI1297","T1"
"NUI1298","T3"
"NUI4765","T2"
"NUI4766","T2"
"NUI4763","T2"
"NUI4764","T2"
"NUI4769","T2"
"NUI4770","T2"
"NUI4767","T2"
"NUI4768","T2"
"NUI4757","T2"
"NUI4758","T2"
"NUI4755","T2"
"NUI4756","T4"
"NUI4761","T2"
"NUI4762","T3"
"NUI4759","T4"
"NUI4760","T3"
"NUI4749","T2"
"NUI4750","T2"
"NUI4747","T4"
"NUI4748","T2"
"NUI4753","T2"
"NUI4754","T2"
"NUI4751","T3"
"NUI4752","T2"
"NUI4741","T1"
"NUI4742","T3"
"NUI4739","T4"
"NUI4740","T2"
"NUI4745","T2"
"NUI4746","T4"
"NUI4743","T2"
"NUI4744","T2"
"NUI4797","T2"
"NUI4798","T3"
"NUI4795","T4"
"NUI4796","T2"
"NUI4801","T3"
"NUI4802","T2"
"NUI4799","T3"
"NUI4800","T2"
"NUI4789","T2"
"NUI4790","T2"
"NUI4787","T3"
"NUI4788","T3"
"NUI4793","T1"
"NUI4794","T2"
"NUI4791","T2"
"NUI4792","T2"
"NUI4781","T2"
"NUI4782","T2"
"NUI4779","T2"
"NUI4780","T2"
"NUI4785","T2"
"NUI4786","T2"
"NUI4783","T2"
"NUI4784","T4"
"NUI4773","T4"
"NUI4774","T3"
"NUI4771","T4"
"NUI4772","T4"
"NUI4777","T3"
"NUI4778","T3"
"NUI4775","T3"
"NUI4776","T2"
"NUI4829","T2"
"NUI4830","T2"
"NUI4827","T2"
"NUI4828","T2"
"NUI4833","T2"
"NUI4834","T2"
"NUI4831","T1"
"NUI4832","T2"
"NUI4821","T2"
"NUI4822","T3"
"NUI4819","T2"
"NUI4820","T3"
"NUI4825","T2"
"NUI4826","T3"
"NUI4823","T3"
"NUI4824","T3"
"NUI4813","T2"
"NUI4814","T2"
"NUI4811","T4"
"NUI4812","T2"
"NUI4817","T2"
"NUI4818","T4"
"NUI4815","T2"
"NUI4816","T3"
"NUI4805","T1"
"NUI4806","T2"
"NUI4803","T2"
"NUI4804","T1"
"NUI4809","T1"
"NUI4810","T2"
"NUI4807","T2"
"NUI4808","T3"
"NUI4861","T1"
"NUI4862","T1"
"NUI4859","T4"
"NUI4860","T4"
"NUI4864","T4"
"NUI4866","T4"
"NUI4863","T4"
"NUI4865","T4"
"NUI4853","T3"
"NUI4876","T2"
"NUI4851","T3"
"NUI4852","T2"
"NUI4856","T1"
"NUI4858","T3"
"NUI4854","T1"
"NUI4855","T1"
"NUI4845","T4"
"NUI4846","T2"
"NUI4843","T2"
"NUI4844","T1"
"NUI4849","T2"
"NUI4850","T4"
"NUI4847","T2"
"NUI4848","T2"
"NUI4837","T2"
"NUI4838","T2"
"NUI4835","T3"
"NUI4836","T2"
"NUI4841","T1"
"NUI4842","T2"
"NUI4839","T2"
"NUI4840","T1"
"NUI4930","T1"
"NUI4931","T1"
"NUI4891","T4"
"NUI4929","T1"
"NUI4934","T1"
"NUI4935","T1"
"NUI4932","T1"
"NUI4933","T1"
"NUI4885","T4"
"NUI4886","T4"
"NUI4883","T1"
"NUI4884","T4"
"NUI4889","T1"
"NUI4890","T2"
"NUI4887","T1"
"NUI4888","T1"
"NUI4877","T1"
"NUI4878","T3"
"NUI4874","T4"
"NUI4875","T4"
"NUI4881","T1"
"NUI4882","T1"
"NUI4879","T2"
"NUI4880","T1"
"NUI4857","T4"
"NUI4869","T4"
"NUI4867","T3"
"NUI4868","T4"
"NUI4872","T1"
"NUI4873","T4"
"NUI4870","T4"
"NUI4871","T1"
"NUI4921","T4"
"NUI4922","T2"
"NUI4919","T4"
"NUI4920","T4"
"NUI4925","T2"
"NUI4902","T1"
"NUI4923","T4"
"NUI4924","T2"
"NUI4913","T4"
"NUI4914","T4"
"NUI4911","T4"
"NUI4912","T1"
"NUI4917","T4"
"NUI4918","T4"
"NUI4915","T4"
"NUI4916","T4"
"NUI4905","T2"
"NUI4906","T2"
"NUI4903","T1"
"NUI4904","T4"
"NUI4909","T4"
"NUI4910","T4"
"NUI4907","T2"
"NUI4908","T2"
"NUI4938","T1"
"NUI4897","T4"
"NUI4936","T2"
"NUI4937","T1"
"NUI4900","T4"
"NUI4901","T1"
"NUI4898","T4"
"NUI4899","T4"
"NUI4892","T2"
"NUI4928","T4"
"NUI4896","T2"
"NUI4926","T1"
"NUI4927","T4"
"NUI4895","T1"
"NUI4250","T1"
"NUI4894","T2"
"NUI4893","T1"
"NUI4509","T2"
"NUI4510","T2"
"NUI4507","T2"
"NUI4508","T2"
"NUI4513","T2"
"NUI4514","T2"
"NUI4511","T2"
"NUI4512","T2"
"NUI4501","T2"
"NUI4502","T2"
"NUI4499","T2"
"NUI4500","T2"
"NUI4505","T2"
"NUI4506","T2"
"NUI4503","T2"
"NUI4504","T2"
"NUI4493","T2"
"NUI4494","T2"
"NUI4491","T2"
"NUI4492","T2"
"NUI4497","T2"
"NUI4498","T2"
"NUI4495","T2"
"NUI4496","T2"
"NUI4485","T2"
"NUI4486","T2"
"NUI4483","T2"
"NUI4484","T2"
"NUI4489","T2"
"NUI4490","T2"
"NUI4487","T2"
"NUI4488","T2"
"NUI4541","T4"
"NUI4542","T2"
"NUI4539","T4"
"NUI4540","T2"
"NUI4545","T2"
"NUI4546","T4"
"NUI4543","T2"
"NUI4544","T2"
"NUI4533","T2"
"NUI4534","T2"
"NUI4531","T2"
"NUI4532","T2"
"NUI4537","T2"
"NUI4538","T2"
"NUI4535","T2"
"NUI4536","T2"
"NUI4525","T2"
"NUI4526","T2"
"NUI4523","T2"
"NUI4524","T2"
"NUI4529","T2"
"NUI4530","T2"
"NUI4527","T2"
"NUI4528","T2"
"NUI4517","T2"
"NUI4518","T2"
"NUI4515","T2"
"NUI4516","T2"
"NUI4521","T2"
"NUI4522","T2"
"NUI4519","T2"
"NUI4520","T2"
"NUI4573","T3"
"NUI4574","T2"
"NUI4571","T2"
"NUI4572","T2"
"NUI4577","T2"
"NUI4578","T2"
"NUI4575","T2"
"NUI4576","T2"
"NUI4565","T2"
"NUI4566","T2"
"NUI4563","T2"
"NUI4564","T2"
"NUI4569","T2"
"NUI4570","T2"
"NUI4567","T2"
"NUI4568","T4"
"NUI4557","T1"
"NUI4558","T4"
"NUI4555","T4"
"NUI4556","T3"
"NUI4561","T3"
"NUI4562","T4"
"NUI4559","T4"
"NUI4560","T2"
"NUI4549","T3"
"NUI4550","T2"
"NUI4547","T2"
"NUI4548","T4"
"NUI4553","T2"
"NUI4554","T2"
"NUI4551","T3"
"NUI4552","T1"
"NUI4605","T2"
"NUI4606","T3"
"NUI4603","T2"
"NUI4604","T2"
"NUI4609","T1"
"NUI4610","T2"
"NUI4607","T3"
"NUI4608","T2"
"NUI4597","T2"
"NUI4598","T3"
"NUI4595","T3"
"NUI4596","T2"
"NUI4601","T4"
"NUI4602","T2"
"NUI4599","T2"
"NUI4600","T4"
"NUI4589","T2"
"NUI4590","T2"
"NUI4587","T2"
"NUI4588","T4"
"NUI4593","T2"
"NUI4594","T4"
"NUI4591","T2"
"NUI4592","T2"
"NUI4581","T4"
"NUI4582","T2"
"NUI4579","T2"
"NUI4580","T2"
"NUI4585","T2"
"NUI4586","T4"
"NUI4583","T4"
"NUI4584","T2"
"NUI4637","T2"
"NUI4638","T2"
"NUI4635","T2"
"NUI4636","T2"
"NUI4641","T1"
"NUI4642","T2"
"NUI4639","T2"
"NUI4640","T1"
"NUI4629","T2"
"NUI4630","T2"
"NUI4627","T2"
"NUI4628","T2"
"NUI4633","T2"
"NUI4634","T3"
"NUI4631","T2"
"NUI4632","T2"
"NUI4621","T2"
"NUI4622","T2"
"NUI4619","T2"
"NUI4620","T4"
"NUI4625","T2"
"NUI4626","T4"
"NUI4623","T2"
"NUI4624","T2"
"NUI4613","T2"
"NUI4614","T2"
"NUI4611","T4"
"NUI4612","T2"
"NUI4617","T2"
"NUI4618","T2"
"NUI4615","T2"
"NUI4616","T2"
"NUI4669","T2"
"NUI4670","T2"
"NUI4667","T3"
"NUI4668","T2"
"NUI4673","T4"
"NUI4674","T2"
"NUI4671","T3"
"NUI4672","T2"
"NUI4661","T2"
"NUI4662","T3"
"NUI4659","T2"
"NUI4660","T2"
"NUI4665","T4"
"NUI4666","T2"
"NUI4663","T4"
"NUI4664","T2"
"NUI4653","T4"
"NUI4654","T4"
"NUI4651","T2"
"NUI4652","T4"
"NUI4657","T2"
"NUI4658","T3"
"NUI4655","T4"
"NUI4656","T2"
"NUI4645","T2"
"NUI4646","T3"
"NUI4643","T2"
"NUI4644","T3"
"NUI4649","T3"
"NUI4650","T3"
"NUI4647","T2"
"NUI4648","T2"
"NUI4701","T4"
"NUI4702","T2"
"NUI4699","T4"
"NUI4700","T2"
"NUI4705","T1"
"NUI4706","T1"
"NUI4703","T2"
"NUI4704","T2"
"NUI4693","T2"
"NUI4694","T4"
"NUI4691","T4"
"NUI4692","T3"
"NUI4697","T4"
"NUI4698","T4"
"NUI4695","T4"
"NUI4696","T4"
"NUI4685","T1"
"NUI4686","T1"
"NUI4683","T4"
"NUI4684","T4"
"NUI4689","T4"
"NUI4690","T2"
"NUI4687","T2"
"NUI4688","T2"
"NUI4677","T4"
"NUI4678","T4"
"NUI4675","T4"
"NUI4676","T3"
"NUI4681","T2"
"NUI4682","T2"
"NUI4679","T4"
"NUI4680","T3"
"NUI4733","T2"
"NUI4734","T2"
"NUI4731","T3"
"NUI4732","T2"
"NUI4737","T3"
"NUI4738","T2"
"NUI4735","T1"
"NUI4736","T4"
"NUI4725","T4"
"NUI4726","T1"
"NUI4723","T1"
"NUI4724","T2"
"NUI4729","T2"
"NUI4730","T2"
"NUI4727","T2"
"NUI4728","T3"
"NUI4717","T1"
"NUI4718","T4"
"NUI4715","T4"
"NUI4716","T2"
"NUI4721","T2"
"NUI4722","T4"
"NUI4719","T2"
"NUI4720","T4"
"NUI4709","T1"
"NUI4710","T1"
"NUI4707","T4"
"NUI4708","T4"
"NUI4713","T3"
"NUI4714","T3"
"NUI4711","T2"
"NUI4712","T2"
"NUI4253","T4"
"NUI4254","T4"
"NUI4251","T4"
"NUI4252","T4"
"NUI4257","T2"
"NUI4258","T1"
"NUI4255","T4"
"NUI4256","T4"
"NUI4244","T4"
"NUI4245","T4"
"NUI4242","T4"
"NUI4243","T4"
"NUI4248","T2"
"NUI4249","T2"
"NUI4246","T4"
"NUI4247","T4"
"NUI4236","T4"
"NUI4237","T3"
"NUI4234","T2"
"NUI4235","T3"
"NUI4240","T2"
"NUI4241","T4"
"NUI4238","T2"
"NUI4239","T4"
"NUI4228","T4"
"NUI4229","T4"
"NUI4226","T1"
"NUI4227","T2"
"NUI4232","T2"
"NUI4233","T4"
"NUI4230","T2"
"NUI4231","T2"
"NUI4279","T2"
"NUI4280","T4"
"NUI4288","T4"
"NUI4278","T4"
"NUI4283","T2"
"NUI4284","T2"
"NUI4281","T4"
"NUI4282","T2"
"NUI4277","T4"
"NUI4293","T3"
"NUI4275","T4"
"NUI4276","T4"
"NUI4290","T2"
"NUI4291","T2"
"NUI4292","T3"
"NUI4289","T1"
"NUI4269","T4"
"NUI4270","T4"
"NUI4267","T4"
"NUI4268","T4"
"NUI4273","T4"
"NUI4274","T4"
"NUI4271","T4"
"NUI4272","T4"
"NUI4261","T4"
"NUI4262","T1"
"NUI4259","T4"
"NUI4260","T4"
"NUI4265","T4"
"NUI4266","T4"
"NUI4263","T4"
"NUI4264","T4"
"NUI4317","T2"
"NUI4318","T2"
"NUI4315","T3"
"NUI4316","T2"
"NUI4321","T2"
"NUI4322","T2"
"NUI4319","T2"
"NUI4320","T2"
"NUI4310","T2"
"NUI4309","T1"
"NUI4307","T4"
"NUI4308","T3"
"NUI4313","T2"
"NUI4314","T3"
"NUI4311","T2"
"NUI4312","T2"
"NUI4301","T4"
"NUI4302","T1"
"NUI4299","T4"
"NUI4300","T3"
"NUI4305","T1"
"NUI4306","T1"
"NUI4303","T4"
"NUI4304","T3"
"NUI4287","T4"
"NUI4294","T3"
"NUI4285","T2"
"NUI4286","T2"
"NUI4297","T1"
"NUI4298","T1"
"NUI4295","T2"
"NUI4296","T1"
"NUI4349","T2"
"NUI4350","T2"
"NUI4347","T2"
"NUI4348","T2"
"NUI4353","T2"
"NUI4354","T2"
"NUI4351","T2"
"NUI4352","T2"
"NUI4341","T2"
"NUI4342","T2"
"NUI4339","T2"
"NUI4340","T2"
"NUI4345","T2"
"NUI4346","T2"
"NUI4343","T2"
"NUI4344","T2"
"NUI4333","T2"
"NUI4334","T2"
"NUI4331","T2"
"NUI4332","T2"
"NUI4337","T2"
"NUI4338","T2"
"NUI4335","T2"
"NUI4336","T2"
"NUI4325","T2"
"NUI4326","T2"
"NUI4323","T2"
"NUI4324","T2"
"NUI4329","T2"
"NUI4330","T2"
"NUI4327","T2"
"NUI4328","T2"
"NUI4381","T4"
"NUI4382","T2"
"NUI4379","T4"
"NUI4380","T2"
"NUI4385","T2"
"NUI4386","T2"
"NUI4383","T2"
"NUI4384","T2"
"NUI4373","T2"
"NUI4374","T2"
"NUI4371","T2"
"NUI4372","T2"
"NUI4377","T4"
"NUI4378","T4"
"NUI4375","T2"
"NUI4376","T4"
"NUI4365","T2"
"NUI4366","T2"
"NUI4363","T2"
"NUI4364","T2"
"NUI4369","T2"
"NUI4370","T2"
"NUI4367","T2"
"NUI4368","T2"
"NUI4357","T2"
"NUI4358","T2"
"NUI4355","T2"
"NUI4356","T2"
"NUI4361","T2"
"NUI4362","T2"
"NUI4359","T2"
"NUI4360","T2"
"NUI4413","T2"
"NUI4414","T3"
"NUI4411","T2"
"NUI4412","T2"
"NUI4417","T2"
"NUI4418","T2"
"NUI4415","T2"
"NUI4416","T2"
"NUI4405","T3"
"NUI4406","T1"
"NUI4403","T4"
"NUI4404","T2"
"NUI4409","T2"
"NUI4410","T1"
"NUI4407","T3"
"NUI4408","T2"
"NUI4397","T2"
"NUI4398","T2"
"NUI4395","T4"
"NUI4396","T2"
"NUI4401","T2"
"NUI4402","T2"
"NUI4399","T2"
"NUI4400","T2"
"NUI4389","T2"
"NUI4390","T2"
"NUI4387","T2"
"NUI4388","T2"
"NUI4393","T4"
"NUI4394","T4"
"NUI4391","T1"
"NUI4392","T3"
"NUI4445","T2"
"NUI4446","T2"
"NUI4443","T2"
"NUI4444","T2"
"NUI4449","T2"
"NUI4450","T3"
"NUI4447","T3"
"NUI4448","T2"
"NUI4437","T3"
"NUI4438","T2"
"NUI4435","T2"
"NUI4436","T1"
"NUI4441","T2"
"NUI4442","T2"
"NUI4439","T2"
"NUI4440","T2"
"NUI4429","T2"
"NUI4430","T2"
"NUI4427","T4"
"NUI4428","T2"
"NUI4433","T2"
"NUI4434","T2"
"NUI4431","T4"
"NUI4432","T2"
"NUI4421","T2"
"NUI4422","T2"
"NUI4419","T2"
"NUI4420","T3"
"NUI4425","T2"
"NUI4426","T2"
"NUI4423","T3"
"NUI4424","T2"
"NUI4477","T2"
"NUI4478","T1"
"NUI4475","T3"
"NUI4476","T2"
"NUI4481","T2"
"NUI4482","T2"
"NUI4479","T2"
"NUI4480","T2"
"NUI4469","T2"
"NUI4470","T3"
"NUI4467","T2"
"NUI4468","T4"
"NUI4473","T3"
"NUI4474","T3"
"NUI4471","T3"
"NUI4472","T4"
"NUI4461","T2"
"NUI4462","T2"
"NUI4459","T2"
"NUI4460","T2"
"NUI4465","T2"
"NUI4466","T2"
"NUI4463","T2"
"NUI4464","T2"
"NUI4453","T2"
"NUI4454","T2"
"NUI4451","T2"
"NUI4452","T2"
"NUI4457","T2"
"NUI4458","T2"
"NUI4455","T2"
"NUI4456","T3"
"NUI4011","T4"
"NUI4012","T4"
"NUI4009","T3"
"NUI4010","T1"
"NUI4020","T1"
"NUI4015","T4"
"NUI4013","T4"
"NUI4014","T1"
"NUI3960","T1"
"NUI4004","T1"
"NUI3958","T4"
"NUI3959","T4"
"NUI4007","T1"
"NUI4008","T3"
"NUI4005","T1"
"NUI4006","T1"
"NUI3952","T1"
"NUI3953","T4"
"NUI3950","T1"
"NUI3951","T4"
"NUI3956","T4"
"NUI3957","T4"
"NUI3954","T4"
"NUI3955","T4"
"NUI3990","T4"
"NUI3991","T4"
"NUI3963","T4"
"NUI3999","T2"
"NUI3948","T4"
"NUI3949","T4"
"NUI3986","T2"
"NUI3947","T4"
"NUI4086","T2"
"NUI4084","T4"
"NUI4069","T1"
"NUI4045","T1"
"NUI4095","T1"
"NUI4059","T1"
"NUI4040","T1"
"NUI4076","T1"
"NUI4953","T1"
"NUI4036","T1"
"NUI4951","T1"
"NUI4952","T1"
"NUI4066","T1"
"NUI4048","T4"
"NUI4037","T1"
"NUI4105","T1"
"NUI4945","T1"
"NUI4946","T1"
"NUI4943","T1"
"NUI4944","T1"
"NUI4949","T4"
"NUI4950","T1"
"NUI4947","T4"
"NUI4948","T1"
"NUI4018","T4"
"NUI4019","T1"
"NUI4016","T4"
"NUI4017","T4"
"NUI4941","T1"
"NUI4942","T1"
"NUI4939","T1"
"NUI4940","T1"
"NUI4101","T4"
"NUI4074","T1"
"NUI4097","T2"
"NUI4034","T1"
"NUI4046","T1"
"NUI4089","T4"
"NUI4038","T1"
"NUI4062","T1"
"NUI4039","T1"
"NUI4035","T1"
"NUI4078","T1"
"NUI4051","T4"
"NUI4041","T4"
"NUI4072","T1"
"NUI4075","T4"
"NUI4085","T3"
"NUI4068","T4"
"NUI4073","T4"
"NUI4106","T1"
"NUI4087","T1"
"NUI4096","T1"
"NUI4099","T4"
"NUI4042","T1"
"NUI4088","T4"
"NUI4093","T1"
"NUI4049","T1"
"NUI4064","T1"
"NUI4067","T4"
"NUI4102","T4"
"NUI4057","T4"
"NUI4044","T1"
"NUI4098","T4"
"NUI4021","T4"
"NUI4022","T2"
"NUI4110","T2"
"NUI4130","T2"
"NUI4025","T4"
"NUI4028","T2"
"NUI4023","T2"
"NUI4024","T3"
"NUI4124","T2"
"NUI4125","T2"
"NUI4122","T2"
"NUI4123","T2"
"NUI4128","T2"
"NUI4129","T2"
"NUI4126","T2"
"NUI4127","T2"
"NUI4116","T2"
"NUI4117","T2"
"NUI4114","T2"
"NUI4115","T2"
"NUI4120","T2"
"NUI4121","T2"
"NUI4118","T2"
"NUI4119","T2"
"NUI4104","T1"
"NUI4108","T2"
"NUI4092","T2"
"NUI4103","T1"
"NUI4112","T2"
"NUI4113","T1"
"NUI4109","T2"
"NUI4111","T2"
"NUI4026","T4"
"NUI4027","T4"
"NUI4094","T1"
"NUI4100","T4"
"NUI4082","T4"
"NUI4107","T4"
"NUI4052","T2"
"NUI4053","T1"
"NUI4077","T4"
"NUI4079","T4"
"NUI4065","T1"
"NUI4070","T4"
"NUI4090","T4"
"NUI4091","T4"
"NUI4081","T4"
"NUI4083","T4"
"NUI4055","T4"
"NUI4056","T1"
"NUI4080","T4"
"NUI4054","T1"
"NUI4071","T4"
"NUI4063","T1"
"NUI4058","T2"
"NUI4060","T1"
"NUI4032","T1"
"NUI4031","T2"
"NUI4029","T2"
"NUI4030","T1"
"NUI4047","T1"
"NUI4050","T1"
"NUI4033","T1"
"NUI4043","T1"
"NUI4155","T4"
"NUI4157","T1"
"NUI4153","T4"
"NUI4154","T4"
"NUI4160","T4"
"NUI4161","T4"
"NUI4158","T3"
"NUI4159","T4"
"NUI4147","T4"
"NUI4148","T4"
"NUI4145","T1"
"NUI4146","T4"
"NUI4151","T1"
"NUI4152","T1"
"NUI4149","T4"
"NUI4150","T4"
"NUI4139","T4"
"NUI4140","T1"
"NUI4137","T4"
"NUI4138","T4"
"NUI4143","T4"
"NUI4144","T4"
"NUI4141","T4"
"NUI4142","T4"
"NUI4131","T4"
"NUI4132","T4"
"NUI4061","T4"
"NUI4156","T4"
"NUI4135","T1"
"NUI4136","T1"
"NUI4133","T4"
"NUI4134","T4"
"NUI4188","T2"
"NUI4189","T2"
"NUI4186","T4"
"NUI4187","T4"
"NUI4192","T4"
"NUI4193","T2"
"NUI4190","T4"
"NUI4191","T2"
"NUI4180","T3"
"NUI4181","T2"
"NUI4178","T2"
"NUI4179","T4"
"NUI4184","T2"
"NUI4185","T1"
"NUI4182","T4"
"NUI4183","T2"
"NUI4172","T1"
"NUI4173","T2"
"NUI4170","T4"
"NUI4171","T3"
"NUI4176","T2"
"NUI4177","T2"
"NUI4174","T2"
"NUI4175","T2"
"NUI4164","T2"
"NUI4165","T2"
"NUI4162","T3"
"NUI4163","T4"
"NUI4168","T3"
"NUI4169","T2"
"NUI4166","T4"
"NUI4167","T4"
"NUI4220","T4"
"NUI4221","T4"
"NUI4218","T2"
"NUI4219","T4"
"NUI4224","T2"
"NUI4225","T2"
"NUI4222","T3"
"NUI4223","T4"
"NUI4212","T4"
"NUI4213","T1"
"NUI4210","T4"
"NUI4211","T2"
"NUI4216","T4"
"NUI4217","T2"
"NUI4214","T3"
"NUI4215","T4"
"NUI4204","T4"
"NUI4205","T4"
"NUI4202","T2"
"NUI4203","T3"
"NUI4208","T4"
"NUI4209","T4"
"NUI4206","T2"
"NUI4207","T4"
"NUI4196","T4"
"NUI4197","T4"
"NUI4194","T4"
"NUI4195","T3"
"NUI4200","T4"
"NUI4201","T4"
"NUI4198","T2"
"NUI4199","T4"
"NUI3770","T1"
"NUI3771","T1"
"NUI3768","T1"
"NUI3769","T4"
"NUI3774","T1"
"NUI3775","T1"
"NUI3772","T1"
"NUI3773","T1"
"NUI3762","T1"
"NUI3763","T1"
"NUI3760","T3"
"NUI3761","T1"
"NUI3766","T1"
"NUI3767","T4"
"NUI3764","T2"
"NUI3765","T3"
"NUI3754","T2"
"NUI3755","T2"
"NUI3752","T2"
"NUI3753","T2"
"NUI3758","T2"
"NUI3759","T1"
"NUI3756","T1"
"NUI3757","T2"
"NUI3746","T2"
"NUI3747","T2"
"NUI3744","T2"
"NUI3745","T1"
"NUI3750","T2"
"NUI3751","T2"
"NUI3748","T2"
"NUI3749","T1"
"NUI3802","T2"
"NUI3803","T2"
"NUI3800","T4"
"NUI3801","T4"
"NUI3806","T4"
"NUI3807","T2"
"NUI3804","T4"
"NUI3805","T4"
"NUI3794","T4"
"NUI3795","T1"
"NUI3792","T1"
"NUI3793","T1"
"NUI3798","T3"
"NUI3799","T3"
"NUI3796","T2"
"NUI3797","T4"
"NUI3786","T1"
"NUI3787","T1"
"NUI3784","T1"
"NUI3785","T4"
"NUI3790","T4"
"NUI3791","T2"
"NUI3788","T1"
"NUI3789","T1"
"NUI3778","T4"
"NUI3779","T4"
"NUI3776","T4"
"NUI3777","T1"
"NUI3782","T1"
"NUI3783","T4"
"NUI3780","T1"
"NUI3781","T1"
"NUI3834","T4"
"NUI3835","T4"
"NUI3832","T2"
"NUI3833","T4"
"NUI3838","T4"
"NUI3863","T4"
"NUI3836","T2"
"NUI3837","T4"
"NUI3826","T4"
"NUI3827","T4"
"NUI3824","T4"
"NUI3825","T2"
"NUI3830","T4"
"NUI3831","T4"
"NUI3828","T4"
"NUI3829","T4"
"NUI3818","T4"
"NUI3819","T4"
"NUI3816","T4"
"NUI3817","T4"
"NUI3822","T4"
"NUI3823","T4"
"NUI3820","T4"
"NUI3821","T4"
"NUI3810","T4"
"NUI3811","T4"
"NUI3808","T2"
"NUI3809","T4"
"NUI3814","T2"
"NUI3815","T4"
"NUI3812","T2"
"NUI3813","T1"
"NUI3862","T4"
"NUI3866","T4"
"NUI3860","T4"
"NUI3861","T4"
"NUI3870","T4"
"NUI3871","T2"
"NUI3868","T4"
"NUI3865","T4"
"NUI3855","T4"
"NUI3856","T4"
"NUI3853","T4"
"NUI3854","T4"
"NUI3859","T4"
"NUI3869","T4"
"NUI3857","T4"
"NUI3858","T4"
"NUI3847","T4"
"NUI3848","T4"
"NUI3845","T4"
"NUI3846","T4"
"NUI3851","T4"
"NUI3852","T4"
"NUI3849","T4"
"NUI3850","T4"
"NUI3839","T4"
"NUI3840","T4"
"NUI3864","T4"
"NUI3867","T2"
"NUI3843","T4"
"NUI3844","T4"
"NUI3841","T4"
"NUI3842","T4"
"NUI3906","T4"
"NUI3900","T2"
"NUI3896","T4"
"NUI3902","T2"
"NUI3907","T1"
"NUI3903","T2"
"NUI3901","T2"
"NUI3898","T1"
"NUI3885","T4"
"NUI3890","T1"
"NUI3883","T1"
"NUI3888","T4"
"NUI3894","T4"
"NUI3895","T2"
"NUI3892","T1"
"NUI3893","T1"
"NUI3882","T1"
"NUI3889","T4"
"NUI3880","T1"
"NUI3881","T1"
"NUI3884","T1"
"NUI3891","T4"
"NUI3887","T1"
"NUI3886","T1"
"NUI3874","T4"
"NUI3875","T4"
"NUI3872","T4"
"NUI3873","T4"
"NUI3878","T4"
"NUI3879","T4"
"NUI3876","T4"
"NUI3877","T2"
"NUI3915","T4"
"NUI3916","T4"
"NUI3913","T4"
"NUI3914","T1"
"NUI3919","T4"
"NUI3920","T1"
"NUI3917","T4"
"NUI3918","T4"
"NUI4960","T1"
"NUI3908","T4"
"NUI4957","T1"
"NUI4959","T1"
"NUI3911","T4"
"NUI3912","T4"
"NUI3909","T4"
"NUI3910","T4"
"NUI4961","T2"
"NUI4965","T1"
"NUI4956","T4"
"NUI4968","T4"
"NUI4963","T4"
"NUI4958","T3"
"NUI4966","T2"
"NUI4964","T4"
"NUI3905","T2"
"NUI3904","T2"
"NUI3897","T1"
"NUI3899","T2"
"NUI4967","T2"
"NUI4962","T2"
"NUI4955","T2"
"NUI4954","T1"
"NUI3988","T4"
"NUI3964","T3"
"NUI3945","T4"
"NUI3946","T4"
"NUI4003","T2"
"NUI3973","T4"
"NUI3961","T2"
"NUI3970","T3"
"NUI3939","T4"
"NUI3940","T4"
"NUI3937","T4"
"NUI3938","T4"
"NUI3943","T4"
"NUI3944","T3"
"NUI3941","T1"
"NUI3942","T4"
"NUI3931","T4"
"NUI3932","T3"
"NUI3929","T4"
"NUI3930","T4"
"NUI3935","T4"
"NUI3936","T4"
"NUI3933","T4"
"NUI3934","T2"
"NUI3923","T4"
"NUI3924","T4"
"NUI3921","T4"
"NUI3922","T4"
"NUI3927","T1"
"NUI3928","T4"
"NUI3925","T4"
"NUI3926","T4"
"NUI3966","T3"
"NUI3967","T2"
"NUI3994","T4"
"NUI4002","T4"
"NUI3995","T2"
"NUI3996","T2"
"NUI3968","T4"
"NUI3969","T4"
"NUI3972","T4"
"NUI3983","T2"
"NUI3998","T3"
"NUI3971","T4"
"NUI3992","T4"
"NUI4001","T4"
"NUI3989","T2"
"NUI3979","T2"
"NUI3974","T2"
"NUI3980","T2"
"NUI3985","T2"
"NUI3993","T4"
"NUI3975","T2"
"NUI3997","T2"
"NUI4000","T3"
"NUI3978","T2"
"NUI3977","T4"
"NUI3976","T3"
"NUI3962","T2"
"NUI3987","T2"
"NUI3984","T2"
"NUI3965","T4"
"NUI3981","T2"
"NUI3982","T2"
"NUI0455","T1"
